OBJECTID_1,OBJECTID,Campground,Type,Managed_by,Ramp_Type,Ramp_Type2,Num_sites,Fee,Lat,Long,Website,Transparen,SymbolID
1,1,Arod Lake,boat launch/fishing access/campsite,MT FWP,gravel/river/lake bottom, ,1,N,47.99550818,-112.028421,http://fwp.mt.gov/fishing/siteDetail.html?id=282414,0, 
2,2,Bratten,boat launch/fishing access/campsite,MT FWP,gravel/river/lake bottom, ,5,Y,45.71669043,-109.6301672,http://fwp.mt.gov/fishing/siteDetail.html?id=283069,0, 
3,3,Brownes Bridge,boat launch/fishing access/campsite,MT FWP,gravel/river/lake bottom, ,5,N,45.5467106,-112.6923047,http://fwp.mt.gov/fishing/siteDetail.html?id=281665,0, 
4,4,Corrick's River Bend,boat launch/fishing access/campsite,MT FWP,gravel/river/lake bottom, ,12,Y,46.95137587,-113.5385004,http://fwp.mt.gov/fishing/siteDetail.html?id=280935,0, 
5,5,Ennis,boat launch/fishing access/campsite,MT FWP,gravel/river/lake bottom, ,18,Y,45.34442363,-111.7230867,http://fwp.mt.gov/fishing/siteDetail.html?id=281716,0, 
6,6,Fresno Tailwater,boat launch/fishing access/campsite,MT FWP,gravel/river/lake bottom, ,4,N,48.59837942,-109.9409946,http://fwp.mt.gov/fishing/siteDetail.html?id=283536,0, 
7,7,Glen,boat launch/fishing access/campsite,MT FWP,gravel/river/lake bottom, ,7,N,45.46665995,-112.6690591,http://fwp.mt.gov/fishing/siteDetail.html?id=281742,0, 
8,8,Greycliff,boat launch/fishing access/campsite,MT FWP,gravel/river/lake bottom, ,12,Y,45.70191283,-111.5141786,http://fwp.mt.gov/fishing/siteDetail.html?id=281578,0, 
9,9,Harry Morgan,boat launch/fishing access/campsite,MT FWP,gravel/river/lake bottom, ,4,Y,46.98094999,-113.0973163,http://fwp.mt.gov/fishing/siteDetail.html?id=280695,0, 
10,10,Indian Fort,boat launch/fishing access/campsite,MT FWP,gravel/river/lake bottom, ,30,Y,45.71536628,-109.5485694,http://fwp.mt.gov/fishing/siteDetail.html?id=283195,0, 
11,11,Maidenrock,boat launch/fishing access/campsite,MT FWP,gravel/river/lake bottom, ,10,Y,45.65558284,-112.6961063,http://fwp.mt.gov/fishing/siteDetail.html?id=281451,0, 
12,12,Mid Canon,boat launch/fishing access/campsite,MT FWP,gravel/river/lake bottom, ,5,Y,47.12547744,-111.8850831,http://fwp.mt.gov/fishing/siteDetail.html?id=282598,0, 
13,13,Newlan Creek Reservoir,boat launch/fishing access/campsite,MT FWP,gravel/river/lake bottom, ,15,Y,46.64272936,-110.9372431,http://fwp.mt.gov/fishing/siteDetail.html?id=633671,0, 
14,14,Notch Bottom,boat launch/fishing access/campsite,MT FWP,gravel/river/lake bottom, ,3,N,45.43651179,-112.566458,http://fwp.mt.gov/fishing/siteDetail.html?id=281793,0, 
15,15,Russell Gates Memorial,boat launch/fishing access/campsite,MT FWP,gravel/river/lake bottom, ,11,Y,47.0234361,-113.3060234,http://fwp.mt.gov/fishing/siteDetail.html?id=280796,0, 
16,16,Salmon Fly,boat launch/fishing access/campsite,MT FWP,gravel/river/lake bottom, ,6,Y,45.62438924,-112.6880488,http://fwp.mt.gov/fishing/siteDetail.html?id=281504,0, 
17,17,Snowden Bridge,boat launch/fishing access/campsite,MT FWP,gravel/river/lake bottom, ,3,N,48.00635372,-104.1032339,http://fwp.mt.gov/fishing/siteDetail.html?id=9669952,0, 
18,18,Spite Hill,boat launch/fishing access/campsite,MT FWP,gravel/river/lake bottom, ,1,Y,47.12112327,-111.9373451,http://fwp.mt.gov/fishing/siteDetail.html?id=282645,0, 
19,19,Stuart Mill Bay,boat launch/fishing access/campsite,MT FWP,gravel/river/lake bottom, ,15,Y,46.17480483,-113.2753686,http://fwp.mt.gov/fishing/siteDetail.html?id=5986103,0, 
20,20,Upsata Lake,boat launch/fishing access/campsite,MT FWP,gravel/river/lake bottom, ,6,Y,47.07304129,-113.2298003,http://fwp.mt.gov/fishing/siteDetail.html?id=280536,0, 
21,21,Valley Garden,boat launch/fishing access/campsite,MT FWP,gravel/river/lake bottom, ,8,Y,45.36725449,-111.705392,http://fwp.mt.gov/fishing/siteDetail.html?id=281545,0, 
22,22,Voyagers Rest,boat launch/fishing access/campsite,MT FWP,gravel/river/lake bottom, ,5,N,45.99682689,-108.1305942,http://fwp.mt.gov/fishing/siteDetail.html?id=283211,0, 
23,23,Bean Lake,boat launch/fishing access/campsite,MT FWP,concrete, ,8,Y,47.30081949,-112.4282206,http://fwp.mt.gov/fishing/siteDetail.html?id=282455,0, 
24,24,Big Rock,boat launch/fishing access/campsite,MT FWP,hand launch only, ,5,N,45.79293098,-109.9644647,http://fwp.mt.gov/fishing/siteDetail.html?id=283046,0, 
25,25,Bighorn,boat launch/fishing access/campsite,MT FWP,concrete, ,5,Y,45.41459664,-107.7864821,http://fwp.mt.gov/fishing/siteDetail.html?id=283117,0, 
26,26,Bonfield,boat launch/fishing access/campsite,MT FWP,concrete, ,2,N,46.63138912,-105.5678409,http://fwp.mt.gov/fishing/siteDetail.html?id=283855,0, 
27,27,Boulder Forks,boat launch/fishing access/campsite,MT FWP,hand launch only, ,5,N,45.65769083,-110.1087198,http://fwp.mt.gov/fishing/siteDetail.html?id=283139,0, 
28,28,Brown's Lake,boat launch/fishing access/campsite,MT FWP,concrete, ,12,Y,46.94574196,-113.0108488,http://fwp.mt.gov/fishing/siteDetail.html?id=280791,0, 
29,29,Buffalo Jump,boat launch/fishing access/campsite,MT FWP,hand launch only, ,3,N,45.4363555,-109.7971257,http://fwp.mt.gov/fishing/siteDetail.html?id=283144,0, 
30,30,Bynum Reservoir,boat launch/fishing access/campsite,MT FWP,concrete, ,4,Y,47.95988779,-112.405435,http://fwp.mt.gov/fishing/siteDetail.html?id=282562,0, 
31,31,Castle Rock,boat launch/fishing access/campsite,MT FWP,hand launch only, ,10,Y,45.47302609,-109.7410398,http://fwp.mt.gov/fishing/siteDetail.html?id=283171,0, 
32,32,Chief Looking Glass,boat launch/fishing access/campsite,MT FWP,hand launch only, ,17,Y,46.66165308,-114.0535481,http://fwp.mt.gov/fishing/siteDetail.html?id=280630,0, 
33,33,Cliff Swallow,boat launch/fishing access/campsite,MT FWP,hand launch only, ,8,N,45.51491726,-109.6320849,http://fwp.mt.gov/fishing/siteDetail.html?id=283174,0, 
34,34,Craig,boat launch/fishing access/campsite,MT FWP,concrete, ,11,Y,47.07255718,-111.9630362,http://fwp.mt.gov/fishing/siteDetail.html?id=282621,0, 
35,35,Dailey Lake,boat launch/fishing access/campsite,MT FWP,concrete, ,18,Y,45.26870494,-110.8173188,http://fwp.mt.gov/fishing/siteDetail.html?id=281410,0, 
36,36,Deadman's Basin,boat launch/fishing access/campsite,MT FWP,concrete, ,20,Y,46.32871644,-109.4320046,http://fwp.mt.gov/fishing/siteDetail.html?id=283279,0, 
37,37,Dearborn,boat launch/fishing access/campsite,MT FWP,hand launch only, ,1,Y,47.12584864,-111.9073533,http://fwp.mt.gov/fishing/siteDetail.html?id=282624,0, 
38,38,Eureka Reservoir,boat launch/fishing access/campsite,MT FWP,concrete,raft slide launch,8,Y,47.87772225,-112.3140706,http://fwp.mt.gov/fishing/siteDetail.html?id=282533,0, 
39,39,Fairweather,boat launch/fishing access/campsite,MT FWP,concrete, ,3,N,46.02772721,-111.4183128,http://fwp.mt.gov/fishing/siteDetail.html?id=281401,0, 
40,40,Fallon Bridge,boat launch/fishing access/campsite,MT FWP,concrete, ,1,N,46.85674642,-105.1136059,http://fwp.mt.gov/fishing/siteDetail.html?id=283791,0, 
41,41,Fishtrap Creek,boat launch/fishing access/campsite,MT FWP,concrete, ,20,Y,45.87065698,-113.2243272,http://fwp.mt.gov/fishing/siteDetail.html?id=281724,0, 
42,42,Forest Grove,boat launch/fishing access/campsite,MT FWP,concrete, ,4,Y,47.07620651,-114.7614071,http://fwp.mt.gov/fishing/siteDetail.html?id=280686,0, 
43,43,General Custer,boat launch/fishing access/campsite,MT FWP,concrete, ,1,N,45.92641688,-107.5785897,http://fwp.mt.gov/fishing/siteDetail.html?id=283177,0, 
44,44,Glasgow Base Pond,boat launch/fishing access/campsite,MT FWP,hand launch only, ,4,N,48.44867359,-106.5769532,http://fwp.mt.gov/fishing/siteDetail.html?id=283561,0, 
45,45,Grant Marsh,boat launch/fishing access/campsite,MT FWP,concrete, ,1,N,45.84424867,-107.5909732,http://fwp.mt.gov/fishing/siteDetail.html?id=6872214,0, 
46,46,Grey Bear,boat launch/fishing access/campsite,MT FWP,concrete, ,10,Y,45.78640482,-110.0663524,http://fwp.mt.gov/fishing/siteDetail.html?id=283182,0, 
47,47,Hannon Memorial,boat launch/fishing access/campsite,MT FWP,hand launch only, ,5,Y,45.97282322,-114.1401013,http://fwp.mt.gov/fishing/siteDetail.html?id=280636,0, 
48,48,Harpers Lake,boat launch/fishing access/campsite,MT FWP,hand launch only, ,14,Y,47.02159962,-113.3805638,http://fwp.mt.gov/fishing/siteDetail.html?id=280580,0, 
49,49,Harrison Lake,boat launch/fishing access/campsite,MT FWP,concrete, ,12,Y,45.69941899,-111.7079792,http://fwp.mt.gov/fishing/siteDetail.html?id=281364,0, 
50,50,Intake Dam,boat launch/fishing access/campsite,MT FWP,concrete, ,15,Y,47.2843204,-104.5193317,http://fwp.mt.gov/fishing/siteDetail.html?id=283784,0, 
51,51,Loch Leven,boat launch/fishing access/campsite,MT FWP,concrete, ,10,Y,45.4572139,-110.6242243,http://fwp.mt.gov/fishing/siteDetail.html?id=281775,0, 
52,52,Mallard's Landing,boat launch/fishing access/campsite,MT FWP,concrete, ,1,N,45.52148415,-107.7242734,http://fwp.mt.gov/fishing/siteDetail.html?id=283214,0, 
53,53,Mallard's Rest,boat launch/fishing access/campsite,MT FWP,concrete, ,8,Y,45.4848249,-110.6216256,http://fwp.mt.gov/fishing/siteDetail.html?id=281780,0, 
54,54,Manuel Lisa,boat launch/fishing access/campsite,MT FWP,concrete, ,5,N,46.14474693,-107.4660292,http://fwp.mt.gov/fishing/siteDetail.html?id=283219,0, 
55,55,Martinsdale Reservoir,boat launch/fishing access/campsite,MT FWP,concrete, ,11,Y,46.45061093,-110.282127,http://fwp.mt.gov/fishing/siteDetail.html?id=282542,0, 
56,56,Moraine,boat launch/fishing access/campsite,MT FWP,hand launch only, ,5,N,45.46295703,-109.7563527,http://fwp.mt.gov/fishing/siteDetail.html?id=283227,0, 
57,57,Mountain Palace,boat launch/fishing access/campsite,MT FWP,concrete, ,3,Y,47.1625535,-111.8230942,http://fwp.mt.gov/fishing/siteDetail.html?id=282633,0, 
58,58,Nilan Reservoir,boat launch/fishing access/campsite,MT FWP,concrete,raft slide launch,6,Y,47.47290879,-112.5197524,http://fwp.mt.gov/fishing/siteDetail.html?id=282583,0, 
59,59,Otter Creek,boat launch/fishing access/campsite,MT FWP,concrete, ,3,N,45.85508091,-109.9157379,http://fwp.mt.gov/fishing/siteDetail.html?id=283203,0, 
60,60,Pelican,boat launch/fishing access/campsite,MT FWP,concrete, ,3,N,45.75276452,-109.7676365,http://fwp.mt.gov/fishing/siteDetail.html?id=283230,0, 
61,61,Pelican Point,boat launch/fishing access/campsite,MT FWP,concrete, ,3,Y,47.20093675,-111.7794874,http://fwp.mt.gov/fishing/siteDetail.html?id=282528,0, 
62,62,Pishkun Reservoir,boat launch/fishing access/campsite,MT FWP,concrete,raft slide launch,8,Y,47.6818735,-112.4653272,http://fwp.mt.gov/fishing/siteDetail.html?id=282132,0, 
63,63,Powder River Depot,boat launch/fishing access/campsite,MT FWP,hand launch only, ,1,N,46.7427114,-105.4317097,http://fwp.mt.gov/fishing/siteDetail.html?id=283974,0, 
64,64,Prewett Creek,boat launch/fishing access/campsite,MT FWP,concrete, ,7,Y,47.17128575,-111.827038,http://fwp.mt.gov/fishing/siteDetail.html?id=282792,0, 
65,65,River Junction,boat launch/fishing access/campsite,MT FWP,primitive, ,6,Y,46.98573593,-113.1363657,http://fwp.mt.gov/fishing/siteDetail.html?id=280595,0, 
66,66,Rock Creek,boat launch/fishing access/campsite,MT FWP,concrete, ,3,N,47.76763327,-106.285876,http://fwp.mt.gov/fishing/siteDetail.html?id=283564,0, 
67,67,Rosebud East,boat launch/fishing access/campsite,MT FWP,concrete, ,10,Y,46.27389962,-106.6776973,http://fwp.mt.gov/fishing/siteDetail.html?id=283995,0, 
68,68,Rosebud Isle,boat launch/fishing access/campsite,MT FWP,hand launch only, ,8,N,45.45073911,-109.5067729,http://fwp.mt.gov/fishing/siteDetail.html?id=283241,0, 
69,69,Selkirk,boat launch/fishing access/campsite,MT FWP,primitive, ,5,N,46.46466661,-110.2237622,http://fwp.mt.gov/fishing/siteDetail.html?id=283060,0, 
70,70,Seven Sisters,boat launch/fishing access/campsite,MT FWP,hand launch only, ,1,N,47.57379632,-104.2227692,http://fwp.mt.gov/fishing/siteDetail.html?id=6872359,0, 
71,71,South Sandstone,boat launch/fishing access/campsite,MT FWP,concrete, ,10,N,46.33255572,-104.4741424,http://fwp.mt.gov/fishing/siteDetail.html?id=283867,0, 
72,72,Stickney Creek,boat launch/fishing access/campsite,MT FWP,concrete, ,4,Y,47.11624927,-111.9457602,http://fwp.mt.gov/fishing/siteDetail.html?id=282650,0, 
73,73,Swinging Bridge,boat launch/fishing access/campsite,MT FWP,hand launch only, ,5,N,45.58431085,-109.3316211,http://fwp.mt.gov/fishing/siteDetail.html?id=283248,0, 
74,74,Thompson Chain-of-Lakes,boat launch/fishing access/campsite,MT FWP,concrete,hand launch only,91,Y,48.0430779,-115.0951888,http://fwp.mt.gov/fishing/siteDetail.html?id=279882,0, 
75,75,Thompson Chain-of-Lakes,boat launch/fishing access/campsite,MT FWP,concrete,hand launch only,91,Y,48.04548315,-114.8304643,http://fwp.mt.gov/fishing/siteDetail.html?id=279882,0, 
76,76,Twelve Mile Dam,boat launch/fishing access/campsite,MT FWP,primitive, ,8,N,46.2468868,-105.7499003,http://fwp.mt.gov/fishing/siteDetail.html?id=283799,0, 
77,77,Two Leggins,boat launch/fishing access/campsite,MT FWP,concrete, ,1,Y,45.64533796,-107.6586506,http://fwp.mt.gov/fishing/siteDetail.html?id=283251,0, 
78,78,Varney Bridge,boat launch/fishing access/campsite,MT FWP,concrete, ,8,Y,45.22899639,-111.7519454,http://fwp.mt.gov/fishing/siteDetail.html?id=281353,0, 
79,79,Water Birch,boat launch/fishing access/campsite,MT FWP,hand launch only, ,10,Y,45.31475548,-109.1919664,http://fwp.mt.gov/fishing/siteDetail.html?id=283254,0, 
80,80,Whitebird,boat launch/fishing access/campsite,MT FWP,concrete, ,10,Y,45.5752314,-109.3370225,http://fwp.mt.gov/fishing/siteDetail.html?id=283259,0, 
81,81,Willow Creek Reservoir,boat launch/fishing access/campsite,MT FWP,concrete, ,6,Y,47.54780061,-112.4404468,http://fwp.mt.gov/fishing/siteDetail.html?id=282142,0, 
82,82,Wolf Creek Bridge,boat launch/fishing access/campsite,MT FWP,concrete, ,5,Y,47.01982632,-112.01111,http://fwp.mt.gov/fishing/siteDetail.html?id=282659,0, 
83,83,York's Islands,boat launch/fishing access/campsite,MT FWP,concrete, ,10,Y,46.26686551,-111.4935621,http://fwp.mt.gov/fishing/siteDetail.html?id=281598,0, 
84,84,Black Sandy,boat launch/fishing access/campsite,State of Montana,not reported, ,0,Y,46.74486094,-111.8863175,http://stateparks.mt.gov/camping/,0, 
85,85,Black Sandy,boat launch/fishing access/campsite,State of Montana,not reported, ,0,Y,46.74665254,-111.886611,http://stateparks.mt.gov/camping/,0, 
86,86,Cooney,boat launch/fishing access/campsite,State of Montana,not reported, ,0,Y,45.44318781,-109.2041589,http://stateparks.mt.gov/camping/,0, 
87,87,Cooney,boat launch/fishing access/campsite,State of Montana,not reported, ,0,Y,45.44053459,-109.2340202,http://stateparks.mt.gov/camping/,0, 
88,88,Cooney,boat launch/fishing access/campsite,State of Montana,not reported, ,0,Y,45.43527913,-109.2257519,http://stateparks.mt.gov/camping/,0, 
89,89,Cooney,boat launch/fishing access/campsite,State of Montana,not reported, ,0,Y,45.44073614,-109.209658,http://stateparks.mt.gov/camping/,0, 
90,90,Cooney,boat launch/fishing access/campsite,State of Montana,not reported, ,0,Y,45.44943813,-109.2157267,http://stateparks.mt.gov/camping/,0, 
91,91,Lake Mary Ronan,boat launch/fishing access/campsite,State of Montana,not reported, ,0,Y,47.92588086,-114.3812975,http://stateparks.mt.gov/camping/,0, 
92,92,Logan,boat launch/fishing access/campsite,State of Montana,not reported, ,0,Y,48.03332941,-115.069,http://stateparks.mt.gov/camping/,0, 
93,93,Logan,boat launch/fishing access/campsite,State of Montana,not reported, ,0,Y,48.03393705,-115.0689066,http://stateparks.mt.gov/camping/,0, 
94,94,Logan,boat launch/fishing access/campsite,State of Montana,not reported, ,0,Y,48.03337757,-115.0673163,http://stateparks.mt.gov/camping/,0, 
95,95,Logan,boat launch/fishing access/campsite,State of Montana,not reported, ,0,Y,48.0327127,-115.0653304,http://stateparks.mt.gov/camping/,0, 
96,96,Missouri Headwaters,boat launch/fishing access/campsite,State of Montana,not reported, ,0,Y,45.91792243,-111.5021595,http://stateparks.mt.gov/camping/,0, 
97,97,Painted Rocks,boat launch/fishing access/campsite,State of Montana,not reported, ,0,Y,45.68350428,-114.3002017,http://stateparks.mt.gov/camping/,0, 
98,98,Painted Rocks,boat launch/fishing access/campsite,State of Montana,not reported, ,0,Y,45.68049325,-114.3020744,http://stateparks.mt.gov/camping/,0, 
99,99,Placid Lake,boat launch/fishing access/campsite,State of Montana,not reported, ,0,Y,47.12037461,-113.5049442,http://stateparks.mt.gov/camping/,0, 
100,100,Placid Lake,boat launch/fishing access/campsite,State of Montana,not reported, ,0,Y,47.11742707,-113.50252,http://stateparks.mt.gov/camping/,0, 
101,101,Placid Lake,boat launch/fishing access/campsite,State of Montana,not reported, ,0,Y,47.11805477,-113.5012166,http://stateparks.mt.gov/camping/,0, 
102,102,Salmon Lake,boat launch/fishing access/campsite,State of Montana,not reported, ,0,Y,47.09225997,-113.3979565,http://stateparks.mt.gov/camping/,0, 
103,103,Salmon Lake,boat launch/fishing access/campsite,State of Montana,not reported, ,0,Y,47.09406092,-113.3998894,http://stateparks.mt.gov/camping/,0, 
104,104,Tongue River Reservoir,boat launch/fishing access/campsite,State of Montana,not reported, ,0,Y,45.09554742,-106.7893609,http://stateparks.mt.gov/camping/,0, 
105,105,Tongue River Reservoir,boat launch/fishing access/campsite,State of Montana,not reported, ,0,Y,45.10803131,-106.7764639,http://stateparks.mt.gov/camping/,0, 
106,106,Tongue River Reservoir,boat launch/fishing access/campsite,State of Montana,not reported, ,0,Y,45.09422518,-106.7966261,http://stateparks.mt.gov/camping/,0, 
107,107,Logan,boat launch/fishing access/campsite,State of Montana,not reported, ,0,Y,48.03211343,-115.0665592,http://stateparks.mt.gov/camping/,0, 
108,108,Whitefish Lake,boat launch/fishing access/campsite,State of Montana,not reported, ,0,Y,48.42491258,-114.3701047,http://stateparks.mt.gov/camping/,0, 
109,109,Whitefish Lake,boat launch/fishing access/campsite,State of Montana,not reported, ,0,Y,48.42505087,-114.3715802,http://stateparks.mt.gov/camping/,0, 
110,110,Flathead Lake/Finley Point,boat launch/fishing access/campsite,State of Montana,not reported, ,0,Y,47.75466037,-114.0856117,http://stateparks.mt.gov/camping/,0, 
111,111,Makoshika,campground,State of Montana, , ,0,Y,47.07367689,-104.6936989,http://stateparks.mt.gov/camping/,0, 
112,112,Makoshika,campground,State of Montana, , ,0,Y,47.05797802,-104.664001,http://stateparks.mt.gov/camping/,0, 
113,113,Makoshika,campground,State of Montana, , ,0,Y,47.03759769,-104.6374621,http://stateparks.mt.gov/camping/,0, 
114,114,BALANCED ROCK CAMPGROUND,campground,USFS, , ,0,N,45.49177,-112.01842,http://www.recreation.gov,0, 
115,115,BASIN CANYON CAMPGROUND,campground,USFS, , ,0,N,45.8555,-112.5479,http://www.recreation.gov,0, 
116,116,BEAR CREEK CAMPGROUND,campground,USFS, , ,0,N,45.1626,-111.55646,http://www.recreation.gov,0, 
117,117,BEAVERDAM CAMPGROUND,campground,USFS, , ,0,Y,45.88291,-112.77771,http://www.recreation.gov,0, 
118,118,BELL LAKE JUNCTION DISPERSED SITE,campground,USFS, , ,0,N,45.56027778,-111.9575,http://www.recreation.gov,0, 
119,119,BOULDER CREEK CAMPGROUND,campground,USFS, , ,0,Y,45.64881,-113.0637,http://www.recreation.gov,0, 
120,120,BOY SCOUT FLAT DISPERSED SITE,campground,USFS, , ,0,N,45.45983333,-112.8658056,http://www.recreation.gov,0, 
121,121,BRANHAM LAKES CAMPGROUND,campground,USFS, , ,0,N,45.51755,-111.98908,http://www.recreation.gov,0, 
122,122,BROWNES LAKE DISPERSED SITE,campground,USFS, , ,0,N,45.52808334,-112.8181111,http://www.recreation.gov,0, 
123,123,CABLE MOUNTAIN CAMPGROUND,campground,USFS, , ,0,Y,46.22094,-113.24323,http://www.recreation.gov,0, 
124,124,CANYON CREEK CAMPGROUND,campground,USFS, , ,0,N,45.62355,-112.94217,http://www.recreation.gov,0, 
125,125,CLIFF POINT CAMPGROUND,campground,USFS, , ,0,Y,44.79308,-111.56688,http://www.recreation.gov,0, 
126,126,COPPER CREEK CAMPGROUND,campground,USFS, , ,0,N,46.06755,-113.54331,http://www.recreation.gov,0, 
127,127,COTTONWOOD CAMPGROUND,campground,USFS, , ,0,N,44.97146,-111.96552,http://www.recreation.gov,0, 
128,128,CRYSTAL CREEK CAMPGROUND,campground,USFS, , ,0,N,46.23448,-113.75007,http://www.recreation.gov,0, 
129,129,DELMOE LAKE CAMPGROUND,campground,USFS, , ,0,Y,45.986667,-112.356111,http://www.recreation.gov,0, 
130,130,DINNER STATION CAMPGROUND,campground,USFS, , ,0,Y,45.42707,-112.90266,http://www.recreation.gov,0, 
131,131,EAST CREEK CAMPGROUND,campground,USFS, , ,0,N,44.55402,-112.66163,http://www.recreation.gov,0, 
132,132,EAST FORK CAMPGROUND,campground,USFS, , ,0,N,46.13995,-113.38871,http://www.recreation.gov,0, 
133,133,ELK CREEK DISPERSED,campground,USFS, , ,0,N,45.59594444,-113.0963056,http://www.recreation.gov,0, 
134,134,ELK LAKE DISPERSED SITE,campground,USFS, , ,0,N,44.66944445,-111.6302778,http://www.recreation.gov,0, 
135,135,FLINT CREEK CAMPGROUND,campground,USFS, , ,0,N,46.23385,-113.30217,http://www.recreation.gov,0, 
136,136,FOURTH OF JULY CAMPGROUND,campground,USFS, , ,0,Y,45.66131,-113.06035,http://www.recreation.gov,0, 
137,137,GRASSHOPPER CAMPGROUND,campground,USFS, , ,0,Y,45.45102,-113.12383,http://www.recreation.gov,0, 
138,138,HIDDEN LAKE DISPERSED SITE,campground,USFS, , ,0,N,44.71416667,-111.6066667,http://www.recreation.gov,0, 
139,139,HILLTOP CAMPGROUND,campground,USFS, , ,0,Y,44.79959,-111.56321,http://www.recreation.gov,0, 
140,140,JERRY CREEK DISPERSED SITE,campground,USFS, , ,0,N,45.83461111,-112.8750833,http://www.recreation.gov,0, 
141,141,KITTY CREEK DISPERSED SITE,campground,USFS, , ,0,N,45.07763889,-113.4239722,http://www.recreation.gov,0, 
142,142,LADYSMITH CAMPGROUND,campground,USFS, , ,0,N,46.25088,-112.40498,http://www.recreation.gov,0, 
143,143,LITTLE JOE CAMPGROUND,campground,USFS, , ,0,Y,45.55792,-113.09271,http://www.recreation.gov,0, 
144,144,LODGEPOLE CAMPGROUND-02,campground,USFS, , ,0,Y,45.64334,-113.07749,http://www.recreation.gov,0, 
145,145,LODGEPOLE CAMPGROUND-08,campground,USFS, , ,0,Y,46.21315,-113.27527,http://www.recreation.gov,0, 
146,146,LOWLAND CAMPGROUND,campground,USFS, , ,0,Y,46.13773,-112.50858,http://www.recreation.gov,0, 
147,147,MADISON RIVER CAMPGROUND,campground,USFS, , ,0,Y,44.87719,-111.57571,http://www.recreation.gov,0, 
148,148,MAY CREEK CAMPGROUND,campground,USFS, , ,0,Y,45.65063,-113.78301,http://www.recreation.gov,0, 
149,149,MILL CREEK CAMPGROUND,campground,USFS, , ,0,N,45.48552,-112.07968,http://www.recreation.gov,0, 
150,150,MINER LAKE CAMPGROUND,campground,USFS, , ,0,Y,45.32407,-113.58388,http://www.recreation.gov,0, 
151,151,MONO CREEK CAMPGROUND,campground,USFS, , ,0,Y,45.53436,-113.07876,http://www.recreation.gov,0, 
152,152,MORMON GULCH CAMPGROUND,campground,USFS, , ,0,N,46.25921,-112.36281,http://www.recreation.gov,0, 
153,153,MUSSIGBROD CAMPGROUND,campground,USFS, , ,0,Y,45.78891,-113.60973,http://www.recreation.gov,0, 
154,154,NORTH VAN HOUTEN CAMPGROUND,campground,USFS, , ,0,N,45.24803,-113.47642,http://www.recreation.gov,0, 
155,155,OROFINO CAMPGROUND,campground,USFS, , ,0,N,46.2623,-112.6074,http://www.recreation.gov,0, 
156,156,PETTENGILL CAMPGROUND,campground,USFS, , ,0,Y,45.68344,-113.05513,http://www.recreation.gov,0, 
157,157,PHILIPSBURG BAY CAMPGROUND,campground,USFS, , ,0,Y,46.20922,-113.29441,http://www.recreation.gov,0, 
158,158,PIGEON CREEK CAMPGROUND,campground,USFS, , ,0,N,45.80036,-112.3965,http://www.recreation.gov,0, 
159,159,PINTLER CAMPGROUND,campground,USFS, , ,0,N,45.83917,-113.43394,http://www.recreation.gov,0, 
160,160,POTOSI CAMPGROUND,campground,USFS, , ,0,N,45.57328,-111.90435,http://www.recreation.gov,0, 
161,161,PRICE CREEK CAMPGROUND,campground,USFS, , ,0,Y,44.63659,-112.15716,http://www.recreation.gov,0, 
162,162,RACETRACK CAMPGROUND,campground,USFS, , ,0,N,46.28396,-112.94056,http://www.recreation.gov,0, 
163,163,RESERVOIR LAKE CAMPGROUND,campground,USFS, , ,0,Y,45.12381,-113.44822,http://www.recreation.gov,0, 
164,164,RIVERVIEW CAMPGROUND,campground,USFS, , ,0,Y,44.8842,-111.5768,http://www.recreation.gov,0, 
165,165,ROCK CREEK DISP SITE,campground,USFS, , ,0,N,45.52462223,-112.8460778,http://www.recreation.gov,0, 
166,167,SEYMOUR CREEK CAMPGROUND,campground,USFS, , ,0,N,45.98318,-113.18923,http://www.recreation.gov,0, 
167,168,SOUTH BOULDER UPPER DISPERSED SITE,campground,USFS, , ,0,N,45.62944445,-112.0336111,http://www.recreation.gov,0, 
168,169,SOUTH VAN HOUTEN CAMPGROUND,campground,USFS, , ,0,N,45.24451,-113.4755,http://www.recreation.gov,0, 
169,170,SPILLWAY CAMPGROUND,campground,USFS, , ,0,N,46.1264,-113.38719,http://www.recreation.gov,0, 
170,171,SPRING HILL CAMPGROUND,campground,USFS, , ,0,Y,46.17354,-113.17656,http://www.recreation.gov,0, 
171,172,STEEL CREEK CAMPGROUND,campground,USFS, , ,0,N,45.603415,-113.336572,http://www.recreation.gov,0, 
172,173,STONY CAMPGROUND,campground,USFS, , ,0,N,46.345155,-113.61116,http://www.recreation.gov,0, 
173,174,SURESHOT DISPERSED SITE,campground,USFS, , ,0,N,45.54944444,-111.9125,http://www.recreation.gov,0, 
174,175,TOLL MOUNTAIN CAMPGROUND,campground,USFS, , ,0,N,45.84567,-112.3666,http://www.recreation.gov,0, 
175,176,TWIN LAKES CAMPGROUND,campground,USFS, , ,0,Y,45.41418,-113.6885,http://www.recreation.gov,0, 
176,177,VIG/BRUNT CREEK/COTTONWOOD ROAD REST AREAS,campground,USFS, , ,0,N,44.9736,-111.9735,http://www.recreation.gov,0, 
177,178,WADE LAKE CAMPGROUND,campground,USFS, , ,0,Y,44.80532,-111.57202,http://www.recreation.gov,0, 
178,179,WARM SPRINGS CAMPGROUND,campground,USFS, , ,0,N,46.19906,-113.16301,http://www.recreation.gov,0, 
179,180,WARM SPRINGS DISPERSED SITE,campground,USFS, , ,0,N,45.04,-111.9338889,http://www.recreation.gov,0, 
180,181,WEST FORK CAMPGROUND,campground,USFS, , ,0,Y,44.88344,-111.57975,http://www.recreation.gov,0, 
181,182,WEST FORK CORRIDOR/SMITH LAKE & SOAP CREEK,campground,USFS, , ,0,N,44.8533,-111.5799,http://www.recreation.gov,0, 
182,183,WHITEHOUSE CAMPGROUND,campground,USFS, , ,0,N,46.25895,-112.47877,http://www.recreation.gov,0, 
183,184,WILLOW CAMPGROUND,campground,USFS, , ,0,Y,45.63449,-113.08011,http://www.recreation.gov,0, 
184,185,ALTA CAMPGROUND,campground,USFS, , ,0,Y,45.62416667,-114.3011111,http://www.recreation.gov,0, 
185,186,BLACK BEAR CAMPGROUND,campground,USFS, , ,0,N,46.16638889,-113.9205556,http://www.recreation.gov,0, 
186,187,BLODGETT CAMPGROUND,campground,USFS, , ,0,N,46.26972222,-114.2441667,http://www.recreation.gov,0, 
187,188,CHARLES WATERS CAMPGROUND,campground,USFS, , ,0,Y,46.57555556,-114.1397222,http://www.recreation.gov,0, 
188,189,CRAZY CREEK CAMPGROUND,campground,USFS, , ,0,Y,45.81,-114.0680556,http://www.recreation.gov,0, 
189,191,GOLD CREEK CAMPGROUND,campground,USFS, , ,0,N,46.3975,-113.9013889,http://www.recreation.gov,0, 
190,193,INDIAN TREES CAMPGROUND,campground,USFS, , ,0,Y,45.75583333,-113.9533333,http://www.recreation.gov,0, 
191,194,JENNINGS CAMP CAMPGROUND,campground,USFS, , ,0,N,45.89638889,-113.8186111,http://www.recreation.gov,0, 
192,195,LAKE COMO CAMPGROUND,campground,USFS, , ,0,Y,46.06888889,-114.2363889,http://www.recreation.gov,0, 
193,197,MARTIN CREEK CAMPGROUND,campground,USFS, , ,0,Y,45.93166667,-113.7219444,http://www.recreation.gov,0, 
194,201,ROMBO CAMPGROUND,campground,USFS, , ,0,Y,45.76527778,-114.2797222,http://www.recreation.gov,0, 
195,202,SAM BILLINGS MEMORIAL CAMPGROUND,campground,USFS, , ,0,N,45.82638889,-114.2497222,http://www.recreation.gov,0, 
196,203,SCHUMAKER CAMPGROUND,campground,USFS, , ,0,N,46.15138889,-114.4952778,http://www.recreation.gov,0, 
197,204,SLATE CREEK CAMPGROUND,campground,USFS, , ,0,N,45.69805556,-114.2819444,http://www.recreation.gov,0, 
198,205,SPRING GULCH CAMPGROUND,campground,USFS, , ,0,Y,45.85861111,-114.0219444,http://www.recreation.gov,0, 
199,206,UPPER COMO CAMPGROUND,campground,USFS, , ,0,Y,46.0675,-114.2486111,http://www.recreation.gov,0, 
200,207,WARM SPRINGS CAMPGROUND,campground,USFS, , ,0,Y,45.8425,-114.0394444,http://www.recreation.gov,0, 
201,331,BASIN-C,campground,USFS, , ,0,Y,45.15972222,-109.3841667,http://www.recreation.gov,0, 
202,332,CASCADE,campground,USFS, , ,0,Y,45.17305556,-109.4488889,http://www.recreation.gov,0, 
203,333,COW CREEK,campground,USFS, , ,0,N,45.30916667,-106.2469444,http://www.recreation.gov,0, 
204,334,EAST ROSEBUD LAKE,campground,USFS, , ,0,Y,45.19972222,-109.6330556,http://www.recreation.gov,0, 
205,335,EKALAKA PARK,campground,USFS, , ,0,N,45.79861111,-104.5161111,http://www.recreation.gov,0, 
206,336,EMERALD LAKE,campground,USFS, , ,0,Y,45.20444444,-109.6330556,http://www.recreation.gov,0, 
207,337,GREENOUGH LAKE,campground,USFS, , ,0,Y,45.05555556,-109.4133333,http://www.recreation.gov,0, 
208,338,HOLIDAY SPRING,campground,USFS, , ,0,N,45.63861111,-105.9741667,http://www.recreation.gov,0, 
209,339,INITIAL CREEK,campground,USFS, , ,0,N,45.41944444,-109.9155556,http://www.recreation.gov,0, 
210,340,JIMMY JOE,campground,USFS, , ,0,N,45.23388889,-109.6005556,http://www.recreation.gov,0, 
211,341,LANTIS SPRING,campground,USFS, , ,0,N,45.63222222,-104.1766667,http://www.recreation.gov,0, 
212,342,LIMBER PINE,campground,USFS, , ,0,Y,45.05944444,-109.4083333,http://www.recreation.gov,0, 
213,343,M K,campground,USFS, , ,0,N,45.03916667,-109.4266667,http://www.recreation.gov,0, 
214,344,MACNAB POND,campground,USFS, , ,0,N,45.83361111,-104.4313889,http://www.recreation.gov,0, 
215,345,PALISADES,campground,USFS, , ,0,N,45.17333333,-109.3063889,http://www.recreation.gov,0, 
216,346,PARKSIDE,campground,USFS, , ,0,Y,45.06027778,-109.4038889,http://www.recreation.gov,0, 
217,348,PINE GROVE,campground,USFS, , ,0,Y,45.27416667,-109.6383333,http://www.recreation.gov,0, 
218,349,RATTIN,campground,USFS, , ,0,Y,45.09027778,-109.32,http://www.recreation.gov,0, 
219,350,RED SHALE,campground,USFS, , ,0,N,45.5725,-106.1477778,http://www.recreation.gov,0, 
220,352,SAGE CREEK,campground,USFS, , ,0,Y,45.21583333,-108.5533333,http://www.recreation.gov,0, 
221,353,SHERIDAN,campground,USFS, , ,0,Y,45.10194444,-109.3069444,http://www.recreation.gov,0, 
222,354,WICKHAM GULCH,campground,USFS, , ,0,N,45.58027778,-104.0713889,http://www.recreation.gov,0, 
223,355,WOODBINE-C,campground,USFS, , ,0,Y,45.35222222,-109.8972222,http://www.recreation.gov,0, 
224,356,ASHLEY LAKE SOUTH CG,campground,USFS, , ,0,N,48.2117,-114.5681,http://www.recreation.gov,0, 
225,357,BEAVER CREEK CAMPGROUND,campground,USFS, , ,0,N,47.92394848,-113.3728983,http://www.recreation.gov,0, 
226,358,BIG CREEK CAMPGROUND,campground,USFS, , ,0,Y,48.5998,-114.1621,http://www.recreation.gov,0, 
227,359,DEVIL CREEK CAMPGROUND,campground,USFS, , ,0,Y,48.25152509,-113.4635732,http://www.recreation.gov,0, 
228,360,DEVIL'S CORKSCREW CAMPGROUND,campground,USFS, , ,0,N,48.11022495,-113.6958242,http://www.recreation.gov,0, 
229,361,ELK ISLAND CAMPGROUND,campground,USFS, , ,0,N,48.24088049,-113.7980124,http://www.recreation.gov,0, 
230,362,EMERY BAY CAMPGROUND,campground,USFS, , ,0,Y,48.33444039,-113.9493736,http://www.recreation.gov,0, 
231,363,FIRE ISLAND CAMPGROUND,campground,USFS, , ,0,N,48.29468088,-113.895301,http://www.recreation.gov,0, 
232,364,GRAVES CREEK CAMPGROUND,campground,USFS, , ,0,N,48.13016219,-113.809121,http://www.recreation.gov,0, 
233,365,HANDKERCHIEF LAKE CAMPGROUND,campground,USFS, , ,0,N,48.14159932,-113.8237782,http://www.recreation.gov,0, 
234,366,HOLLAND LAKE CAMPGROUND,campground,USFS, , ,0,Y,47.44641719,-113.6172646,http://www.recreation.gov,0, 
235,367,LAKEVIEW CAMPGROUND,campground,USFS, , ,0,N,48.21859702,-113.8040945,http://www.recreation.gov,0, 
236,368,LID CREEK CAMPGROUND,campground,USFS, , ,0,Y,48.28585876,-113.9082871,http://www.recreation.gov,0, 
237,369,LINDBERGH LAKE CAMPGROUND,campground,USFS, , ,0,N,47.40715283,-113.7210566,http://www.recreation.gov,0, 
238,370,LOST JOHNNY CAMPGROUND,campground,USFS, , ,0,Y,48.306212,-113.9684745,http://www.recreation.gov,0, 
239,371,LOST JOHNNY POINT CAMPGROUND,campground,USFS, , ,0,Y,48.31021453,-113.9626101,http://www.recreation.gov,0, 
240,372,MOOSE LAKE CAMPGROUND,campground,USFS, , ,0,N,48.6287,-114.3904,http://www.recreation.gov,0, 
241,373,MURRAY BAY CAMPGROUND,campground,USFS, , ,0,Y,48.26784945,-113.8130432,http://www.recreation.gov,0, 
242,374,PETER'S CREEK CAMPGROUND,campground,USFS, , ,0,N,48.05755894,-113.6437743,http://www.recreation.gov,0, 
243,375,RED MEADOW LAKE CAMPGROUND,campground,USFS, , ,0,N,48.7541,-114.561,http://www.recreation.gov,0, 
244,376,STILLWATER LAKE CAMPGROUND,campground,USFS, , ,0,N,48.60362498,-114.6555478,http://www.recreation.gov,0, 
245,377,SWAN LAKE CAMPGROUND,campground,USFS, , ,0,Y,47.93715098,-113.8461024,http://www.recreation.gov,0, 
246,378,SYLVIA LAKE CAMPGROUND,campground,USFS, , ,0,N,48.34479776,-114.8181569,http://www.recreation.gov,0, 
247,379,TALLY LAKE CAMPGROUND,campground,USFS, , ,0,Y,48.41345873,-114.5849398,http://www.recreation.gov,0, 
248,380,TUCHUCK CAMPGROUND,campground,USFS, , ,0,N,48.923,-114.5991,http://www.recreation.gov,0, 
249,381,ANDERSON CAMP,campground,USFS, , ,0,N,45.2689,-110.4691,http://www.recreation.gov,0, 
250,382,ASPEN,campground,USFS, , ,0,Y,45.456692,-110.196542,http://www.recreation.gov,0, 
251,383,BAKERS HOLE CAMPGROUND,campground,USFS, , ,0,Y,44.7063,-111.1008,http://www.recreation.gov,0, 
252,384,BATTLE RIDGE-C,campground,USFS, , ,0,N,45.8808311,-110.8801528,http://www.recreation.gov,0, 
253,385,BEAR CREEK,campground,USFS, , ,0,N,45.110037,-110.599646,http://www.recreation.gov,0, 
254,386,BEAVER CREEK CAMPGROUND,campground,USFS, , ,0,Y,44.85599,-111.37406,http://www.recreation.gov,0, 
255,387,BIG BEAVER,campground,USFS, , ,0,N,45.465351,-110.187169,http://www.recreation.gov,0, 
256,388,BIG CREEK CAMPGROUND,campground,USFS, , ,0,N,45.307,-110.92836,http://www.recreation.gov,0, 
257,389,CABIN CREEK CAMPGROUND,campground,USFS, , ,0,Y,44.87166,-111.344,http://www.recreation.gov,0, 
258,390,CANYON,campground,USFS, , ,0,Y,45.18263,-110.886999,http://www.recreation.gov,0, 
259,391,CHERRY CREEK CAMPGROUND,campground,USFS, , ,0,N,44.70966,-111.2639405,http://www.recreation.gov,0, 
260,392,CHIEF JOSEPH,campground,USFS, , ,0,Y,45.01946,-109.873768,http://www.recreation.gov,0, 
261,393,CHIPPY PARK,campground,USFS, , ,0,Y,45.437197,-110.189035,http://www.recreation.gov,0, 
262,394,CHISHOLM,campground,USFS, , ,0,Y,45.47329,-110.9571,http://www.recreation.gov,0, 
263,395,COLTER,campground,USFS, , ,0,Y,45.028153,-109.894191,http://www.recreation.gov,0, 
264,396,EAGLE CREEK,campground,USFS, , ,0,Y,45.04623,-110.67855,http://www.recreation.gov,0, 
265,397,EAST BOULDER,campground,USFS, , ,0,N,45.538372,-110.150004,http://www.recreation.gov,0, 
266,398,FAIRY LAKE-C,campground,USFS, , ,0,N,45.906,-110.9613974,http://www.recreation.gov,0, 
267,399,FALLS CREEK,campground,USFS, , ,0,N,45.490267,-110.218097,http://www.recreation.gov,0, 
268,400,GREEK CREEK,campground,USFS, , ,0,Y,45.380402,-111.18115,http://www.recreation.gov,0, 
269,401,HALFMOON,campground,USFS, , ,0,Y,46.041059,-110.238062,http://www.recreation.gov,0, 
270,402,HELLS CANYON,campground,USFS, , ,0,N,45.362165,-110.214239,http://www.recreation.gov,0, 
271,403,HICKS PARK,campground,USFS, , ,0,Y,45.298069,-110.239207,http://www.recreation.gov,0, 
272,404,HOOD CREEK-C,campground,USFS, , ,0,Y,45.4845,-110.9677,http://www.recreation.gov,0, 
273,405,HYALITE BELOW DAM CAMPING,campground,USFS, , ,0,N,45.4886,-110.9817,http://www.recreation.gov,0, 
274,406,LANGOHR-C,campground,USFS, , ,0,Y,45.5327,-111.0152,http://www.recreation.gov,0, 
275,407,MOOSE CREEK FLAT,campground,USFS, , ,0,N,45.3325,-111.1724,http://www.recreation.gov,0, 
276,408,PINE CREEK,campground,USFS, , ,0,Y,45.49769,-110.52182,http://www.recreation.gov,0, 
277,409,RAINBOW POINT CAMPGROUND,campground,USFS, , ,0,Y,44.77839,-111.177,http://www.recreation.gov,0, 
278,410,RED CLIFF-C,campground,USFS, , ,0,Y,45.1732,-111.241,http://www.recreation.gov,0, 
279,411,ROCK CREEK SOUTH,campground,USFS, , ,0,N,45.2101,-110.04378,http://www.recreation.gov,0, 
280,412,SHIELDS RIVER,campground,USFS, , ,0,N,46.184053,-110.403182,http://www.recreation.gov,0, 
281,413,SNOWBANK CAMPGROUND,campground,USFS, , ,0,Y,45.2892,-110.54875,http://www.recreation.gov,0, 
282,414,SODA BUTTE,campground,USFS, , ,0,Y,45.024202,-109.912006,http://www.recreation.gov,0, 
283,415,SPIRE ROCK,campground,USFS, , ,0,Y,45.4398,-111.19299,http://www.recreation.gov,0, 
284,416,SPRING CREEK CAMP AREA,campground,USFS, , ,0,N,44.7845,-111.27516,http://www.recreation.gov,0, 
285,417,SQUAW FLAT CAMPGROUND,campground,USFS, , ,0,N,45.4413,-111.2065,http://www.recreation.gov,0, 
286,418,SWAN CREEK,campground,USFS, , ,0,Y,45.372,-111.1636,http://www.recreation.gov,0, 
287,419,TOM MINER,campground,USFS, , ,0,Y,45.129398,-111.062534,http://www.recreation.gov,0, 
288,420,WEST BOULDER-C,campground,USFS, , ,0,Y,45.548228,-110.306848,http://www.recreation.gov,0, 
289,421,ASPEN GROVE CAMPGROUND,campground,USFS, , ,0,Y,46.97861111,-112.5313889,http://www.recreation.gov,0, 
290,422,COPPER CREEK CAMPGROUND,campground,USFS, , ,0,Y,47.07833333,-112.6194444,http://www.recreation.gov,0, 
291,423,COULTER CAMPGROUND,campground,USFS, , ,0,N,46.5133,-111.5428,http://www.recreation.gov,0, 
292,424,CROMWELL DIXON CAMPGROUND,campground,USFS, , ,0,Y,46.3326,-112.1855,http://www.recreation.gov,0, 
293,425,GIPSY LAKE CAMPGROUND,campground,USFS, , ,0,N,46.50111111,-111.2119444,http://www.recreation.gov,0, 
294,426,KADING CAMPGROUND,campground,USFS, , ,0,Y,46.42888889,-112.4813889,http://www.recreation.gov,0, 
295,427,MOOSE CREEK,campground,USFS, , ,0,N,46.928889,-112.852222,http://www.recreation.gov,0, 
296,428,MOOSE CREEK CAMPGROUND,campground,USFS, , ,0,Y,46.52611111,-112.2561111,http://www.recreation.gov,0, 
297,429,PARK LAKE CAMPGROUND,campground,USFS, , ,0,Y,46.44277778,-112.1686111,http://www.recreation.gov,0, 
298,430,PINE GROVE,campground,USFS, , ,0,N,47.005278,-112.743889,http://www.recreation.gov,0, 
299,431,SKIDWAY CAMPGROUND,campground,USFS, , ,0,N,46.35416667,-111.0983333,http://www.recreation.gov,0, 
300,432,VIGILANTE CAMPGROUND,campground,USFS, , ,0,Y,46.76694444,-111.6505556,http://www.recreation.gov,0, 
301,433,BARRON FLAT DISPERSED SITES,campground,USFS, , ,0,N,48.51627778,-115.2918639,http://www.recreation.gov,0, 
302,434,BIG CREEK,campground,USFS, , ,0,N,48.76010556,-115.4596278,http://www.recreation.gov,0, 
303,435,BIG THERRIAULT LAKE,campground,USFS, , ,0,Y,48.936,-114.8794444,http://www.recreation.gov,0, 
304,436,BUNCHGRASS,campground,USFS, , ,0,N,48.82194445,-114.8816389,http://www.recreation.gov,0, 
305,437,CAMP 32,campground,USFS, , ,0,N,48.83730556,-115.19025,http://www.recreation.gov,0, 
306,438,CARIBOU,campground,USFS, , ,0,N,48.94897222,-115.5040278,http://www.recreation.gov,0, 
307,439,CLARENCE GUARD STATION & MEADOW,campground,USFS, , ,0,N,48.89052777,-114.7984167,http://www.recreation.gov,0, 
308,440,DOUGLAS HILL,campground,USFS, , ,0,N,48.908664,-115.157728,http://www.recreation.gov,0, 
309,442,GOLD PANNING AREA,campground,USFS, , ,0,N,48.11533889,-115.548775,http://www.recreation.gov,0, 
310,443,GRAVE CREEK,campground,USFS, , ,0,N,48.82069444,-114.8791667,http://www.recreation.gov,0, 
311,444,HELLROARING,campground,USFS, , ,0,N,48.83816944,-115.97265,http://www.recreation.gov,0, 
312,445,HOWARD LAKE,campground,USFS, , ,0,Y,48.10094444,-115.5306667,http://www.recreation.gov,0, 
313,446,KAMLOOPS TERRACE,campground,USFS, , ,0,Y,48.90211111,-115.1593333,http://www.recreation.gov,0, 
314,447,LAKE CREEK,campground,USFS, , ,0,N,48.03908333,-115.4908333,http://www.recreation.gov,0, 
315,448,LITTLE THERRIAULT LAKE,campground,USFS, , ,0,Y,48.94305556,-114.8918611,http://www.recreation.gov,0, 
316,449,LOON LAKE,campground,USFS, , ,0,N,48.59838889,-115.6719722,http://www.recreation.gov,0, 
317,450,MARTEN CREEK,campground,USFS, , ,0,N,47.88213889,-115.7525833,http://www.recreation.gov,0, 
318,451,MC GILLIVRAY,campground,USFS, , ,0,Y,48.48873889,-115.3001472,http://www.recreation.gov,0, 
319,452,MURPHY LAKE,campground,USFS, , ,0,N,48.73972222,-114.8612222,http://www.recreation.gov,0, 
320,453,PETE CREEK,campground,USFS, , ,0,Y,48.83088889,-115.7667778,http://www.recreation.gov,0, 
321,454,RED TOP,campground,USFS, , ,0,N,48.76091667,-115.9187778,http://www.recreation.gov,0, 
322,455,ROCK LAKE,campground,USFS, , ,0,N,48.8245,-115.0051667,http://www.recreation.gov,0, 
323,456,SPAR LAKE,campground,USFS, , ,0,N,48.26972222,-115.9536111,http://www.recreation.gov,0, 
324,457,SWISHER LAKE,campground,USFS, , ,0,N,48.96897222,-115.1331944,http://www.recreation.gov,0, 
325,458,SYLVAN LAKE,campground,USFS, , ,0,N,47.91694444,-115.2811667,http://www.recreation.gov,0, 
326,459,TOBACCO PLAINS DISP. CAMP,campground,USFS, , ,0,N,48.89301944,-115.1345639,http://www.recreation.gov,0, 
327,460,TOBACCO RIVER,campground,USFS, , ,0,N,48.89666667,-115.1408333,http://www.recreation.gov,0, 
328,461,UPPER PINKHAM CREEK,campground,USFS, , ,0,N,48.73345555,-115.0720556,http://www.recreation.gov,0, 
329,462,WARLAND FLAT,campground,USFS, , ,0,N,48.50231667,-115.2606083,http://www.recreation.gov,0, 
330,463,WEASEL CABIN,campground,USFS, , ,0,N,48.97722223,-114.7400556,http://www.recreation.gov,0, 
331,464,WHITETAIL,campground,USFS, , ,0,Y,48.828,-115.8143889,http://www.recreation.gov,0, 
332,465,WILLOW CREEK,campground,USFS, , ,0,N,47.87116667,-115.3095,http://www.recreation.gov,0, 
333,466,WOLVERINE CABIN,campground,USFS, , ,0,N,48.97113889,-114.9190556,http://www.recreation.gov,0, 
334,467,YAAK FALLS,campground,USFS, , ,0,N,48.64477778,-115.8861111,http://www.recreation.gov,0, 
335,468,YAAK RIVER,campground,USFS, , ,0,Y,48.56108333,-115.9723611,http://www.recreation.gov,0, 
336,469,ASPEN CG,campground,USFS, , ,0,Y,46.99222222,-110.7688889,http://www.recreation.gov,0, 
337,470,BASIN CR DISPERSED,campground,USFS, , ,0,N,46.64086243,-110.4308737,http://www.recreation.gov,0, 
338,471,BEAVER CR DISPERSED,campground,USFS, , ,0,N,47.60473,-112.75355,http://www.recreation.gov,0, 
339,472,BENCHMARK CG,campground,USFS, , ,0,Y,47.48583333,-112.8808333,http://www.recreation.gov,0, 
340,473,CAVE MOUNTAIN CG,campground,USFS, , ,0,Y,47.89138889,-112.7269444,http://www.recreation.gov,0, 
341,474,CRYSTAL LAKE CAMPGROUND,campground,USFS, , ,0,Y,46.79388889,-109.5111111,http://www.recreation.gov,0, 
342,475,DAISY DEAN CAMP,campground,USFS, , ,0,N,46.62277778,-110.3547222,http://www.recreation.gov,0, 
343,476,DOUBLE FALLS CG,campground,USFS, , ,0,N,47.40712692,-112.7218713,http://www.recreation.gov,0, 
344,477,DRY FORK DISPERSED,campground,USFS, , ,0,N,47.066675,-110.726008,http://www.recreation.gov,0, 
345,478,DRY POLE CANYON DISPERSED,campground,USFS, , ,0,N,46.76666667,-110.2833333,http://www.recreation.gov,0, 
346,479,DRY WOLF CAMPGROUND,campground,USFS, , ,0,Y,46.97916667,-110.5186111,http://www.recreation.gov,0, 
347,480,ELKO CG,campground,USFS, , ,0,N,47.92444444,-112.7633333,http://www.recreation.gov,0, 
348,481,FOREST LAKE CG,campground,USFS, , ,0,N,46.24441956,-110.4375271,http://www.recreation.gov,0, 
349,482,GRASSHOPPER CG,campground,USFS, , ,0,Y,46.54361111,-110.7480556,http://www.recreation.gov,0, 
350,483,GREEN GULCH DISPERSED CAMP,campground,USFS, , ,0,N,47.85993557,-112.7571903,http://www.recreation.gov,0, 
351,484,HANNAN DISPERSED,campground,USFS, , ,0,N,47.61923704,-112.7345729,http://www.recreation.gov,0, 
352,485,HAY CANYON CG,campground,USFS, , ,0,N,46.79888889,-110.3002778,http://www.recreation.gov,0, 
353,486,HAYMAKER DISPERSED,campground,USFS, , ,0,N,46.63336964,-110.133774,http://www.recreation.gov,0, 
354,487,HOME GULCH CG,campground,USFS, , ,0,Y,47.61583333,-112.7244444,http://www.recreation.gov,0, 
355,488,HUNTER CAMP DISPERSED,campground,USFS, , ,0,N,46.67919516,-110.4900594,http://www.recreation.gov,0, 
356,489,INDIAN HILL CAMPGROUND,campground,USFS, , ,0,N,46.815,-110.2852778,http://www.recreation.gov,0, 
357,490,JELLISON PLACE,campground,USFS, , ,0,N,46.66568,-110.05524,http://www.recreation.gov,0, 
358,491,JUDITH STATION CAMPGROUND,campground,USFS, , ,0,N,46.84833333,-110.2897222,http://www.recreation.gov,0, 
359,492,JUMPING CREEK CG,campground,USFS, , ,0,Y,46.76388889,-110.7847222,http://www.recreation.gov,0, 
360,493,KINGS HILL CG,campground,USFS, , ,0,Y,46.84222222,-110.6966667,http://www.recreation.gov,0, 
361,494,LION CR-LOWER CAMP,campground,USFS, , ,0,N,46.66603265,-110.5733661,http://www.recreation.gov,0, 
362,495,LION CR-UPPER CAMP,campground,USFS, , ,0,N,46.6756288,-110.5765682,http://www.recreation.gov,0, 
363,496,LITTLE SNOWYS CAMP,campground,USFS, , ,0,N,46.763625,-109.111778,http://www.recreation.gov,0, 
364,497,LOGGING CREEK CG,campground,USFS, , ,0,Y,47.10111111,-111.0088889,http://www.recreation.gov,0, 
365,498,MANY PINES CAMPGROUND,campground,USFS, , ,0,Y,46.89805556,-110.6905556,http://www.recreation.gov,0, 
366,499,MILL FALLS CG,campground,USFS, , ,0,N,47.85888889,-112.7727778,http://www.recreation.gov,0, 
367,500,MOOSE CREEK CG,campground,USFS, , ,0,Y,46.83583333,-110.875,http://www.recreation.gov,0, 
368,501,MORTIMER GULCH CG,campground,USFS, , ,0,Y,47.60972222,-112.7697222,http://www.recreation.gov,0, 
369,502,PIERCE PARK DISPERSED,campground,USFS, , ,0,N,46.67847941,-110.3418962,http://www.recreation.gov,0, 
370,503,RICHARDSON CG,campground,USFS, , ,0,N,46.54083333,-110.7305556,http://www.recreation.gov,0, 
371,504,RUSSIAN FLAT CG,campground,USFS, , ,0,N,46.72773,-110.41081,http://www.recreation.gov,0, 
372,505,SAWMILL GULCH DISPERSED,campground,USFS, , ,0,N,46.884966,-110.3728552,http://www.recreation.gov,0, 
373,506,SOUTH FORK CG,campground,USFS, , ,0,Y,47.50111111,-112.8880556,http://www.recreation.gov,0, 
374,507,SPRING COULEE DISPERSED,campground,USFS, , ,0,N,47.03711601,-110.5128041,http://www.recreation.gov,0, 
375,508,SPRING CREEK,campground,USFS, , ,0,Y,46.58638889,-110.4666667,http://www.recreation.gov,0, 
376,509,SUMMIT CG,campground,USFS, , ,0,Y,48.31888889,-113.3505556,http://www.recreation.gov,0, 
377,510,THAIN CREEK CAMPGROUND,campground,USFS, , ,0,Y,47.47555556,-110.5852778,http://www.recreation.gov,0, 
378,511,TIMBER CR DISPERSED,campground,USFS, , ,0,N,46.72546576,-109.4852212,http://www.recreation.gov,0, 
379,512,VANDERIET MEMORIAL PILOTS CG,campground,USFS, , ,0,N,47.47555556,-112.8663889,http://www.recreation.gov,0, 
380,513,WEST FORK CG,campground,USFS, , ,0,Y,47.96111111,-112.8066667,http://www.recreation.gov,0, 
381,514,WHITETAIL CAMP,campground,USFS, , ,0,N,46.68232898,-110.5027988,http://www.recreation.gov,0, 
382,515,WOOD LAKE CG,campground,USFS, , ,0,Y,47.42777778,-112.7933333,http://www.recreation.gov,0, 
383,516,BIG LARCH CG COMPLEX,campground,USFS, , ,0,Y,47.18234,-113.48843,http://www.recreation.gov,0, 
384,517,BIG NELSON CG COMPLEX,campground,USFS, , ,0,N,47.0727,-112.91704,http://www.recreation.gov,0, 
385,518,BITTERROOT FLAT CG,campground,USFS, , ,0,Y,46.46802,-113.77189,http://www.recreation.gov,0, 
386,519,CABIN CITY CG,campground,USFS, , ,0,Y,47.37219,-115.2566,http://www.recreation.gov,0, 
387,520,CASCADE CG/TRHD,campground,USFS, , ,0,Y,47.3056,-114.82707,http://www.recreation.gov,0, 
388,521,CLARK MEMORIAL CG,campground,USFS, , ,0,Y,47.41802,-114.9739,http://www.recreation.gov,0, 
389,522,CLEARWATER CROSSING CG,campground,USFS, , ,0,N,46.90551,-114.80979,http://www.recreation.gov,0, 
390,523,COPPER KING CG,campground,USFS, , ,0,Y,47.61706,-115.19145,http://www.recreation.gov,0, 
391,524,DALLES CG,campground,USFS, , ,0,Y,46.55521,-113.71392,http://www.recreation.gov,0, 
392,525,DIAMOND LAKE CG,campground,USFS, , ,0,N,47.14927,-115.1816,http://www.recreation.gov,0, 
393,526,EARL TENNANT CG,campground,USFS, , ,0,Y,46.76944444,-114.4027778,http://www.recreation.gov,0, 
394,527,FISHTRAP LAKE CG,campground,USFS, , ,0,N,47.38,-115.25084,http://www.recreation.gov,0, 
395,528,GOLD RUSH CG/TRHD,campground,USFS, , ,0,Y,47.60422,-115.34404,http://www.recreation.gov,0, 
396,529,GRIZZLY CG,campground,USFS, , ,0,Y,46.57583,-113.65936,http://www.recreation.gov,0, 
397,530,HARRYS FLAT CG,campground,USFS, , ,0,Y,46.53,-113.74773,http://www.recreation.gov,0, 
398,531,KREIS POND PICNIC,campground,USFS, , ,0,N,47.10188,-114.42059,http://www.recreation.gov,0, 
399,532,LAKE ALVA CG COMPLEX,campground,USFS, , ,0,Y,47.32478,-113.58208,http://www.recreation.gov,0, 
400,533,LAKE INEZ CG COMPLEX,campground,USFS, , ,0,N,47.29562,-113.5713,http://www.recreation.gov,0, 
401,534,LAKESIDE CG (OLD ALVA),campground,USFS, , ,0,N,47.30277778,-113.6027778,http://www.recreation.gov,0, 
402,535,LEE CR CG,campground,USFS, , ,0,Y,46.70213,-114.5349,http://www.recreation.gov,0, 
403,536,LOLO CREEK CG AND PICNIC,campground,USFS, , ,0,Y,46.76984,-114.3868,http://www.recreation.gov,0, 
404,538,MOORE LAKE CG,campground,USFS, , ,0,N,47.181565,-115.248996,http://www.recreation.gov,0, 
405,539,NORTON CG,campground,USFS, , ,0,Y,46.58885,-113.65605,http://www.recreation.gov,0, 
406,540,QUARTZ FLAT CG,campground,USFS, , ,0,Y,47.07661,-114.77037,http://www.recreation.gov,0, 
407,541,RAINY LAKE CG,campground,USFS, , ,0,N,47.33676,-113.58938,http://www.recreation.gov,0, 
408,542,RIVER POINT CG COMPLEX,campground,USFS, , ,0,Y,47.60734,-115.44092,http://www.recreation.gov,0, 
409,543,SEELEY LAKE CG COMPLEX,campground,USFS, , ,0,Y,47.59042,-114.76529,http://www.recreation.gov,0, 
410,544,SIRIA CG,campground,USFS, , ,0,N,46.42374,-113.71501,http://www.recreation.gov,0, 
411,545,SLOWEY CG,campground,USFS, , ,0,Y,47.5524,-115.50522,http://www.recreation.gov,0, 
412,546,TROUT CR CG,campground,USFS, , ,0,Y,47.11849,-114.86774,http://www.recreation.gov,0, 
413,547,W. FK. FISHTRAP CR CG,campground,USFS, , ,0,N,47.53104,-115.25834,http://www.recreation.gov,0, 
414,610,Bearpaw Lake,fishing access/campsite,MT FWP, , ,17,Y,48.31699333,-109.6577504,http://fwp.mt.gov/fishing/siteDetail.html?id=283551,0, 
415,611,Big Pine,fishing access/campsite,MT FWP, , ,5,Y,46.98956474,-114.6626048,http://fwp.mt.gov/fishing/siteDetail.html?id=280533,0, 
416,612,Bull Springs,fishing access/campsite,MT FWP, , ,1,N,45.27849698,-109.2095883,http://fwp.mt.gov/fishing/siteDetail.html?id=283152,0, 
417,613,Clearwater Crossing,fishing access/campsite,MT FWP, , ,6,Y,47.00106214,-113.3800065,http://fwp.mt.gov/fishing/siteDetail.html?id=561571,0, 
418,614,Cole Ponds,fishing access/campsite,MT FWP, , ,3,N,48.53904823,-107.4684258,http://fwp.mt.gov/fishing/siteDetail.html?id=283515,0, 
419,615,Forks,fishing access/campsite,MT FWP, , ,5,N,46.92624603,-114.7014031,http://fwp.mt.gov/fishing/siteDetail.html?id=280692,0, 
420,616,Horsethief Station,fishing access/campsite,MT FWP, , ,8,N,45.2373964,-109.2317965,http://fwp.mt.gov/fishing/siteDetail.html?id=283190,0, 
421,617,Island Lake,fishing access/campsite,MT FWP, , ,1,N,48.23289277,-114.9761987,http://fwp.mt.gov/fishing/siteDetail.html?id=2045575,0, 
422,618,Lichen Cliff,fishing access/campsite,MT FWP, , ,2,Y,46.93877319,-112.1217229,http://fwp.mt.gov/fishing/siteDetail.html?id=282630,0, 
423,619,Meadow Lake,fishing access/campsite,MT FWP, , ,9,N,45.44336041,-111.7079706,http://fwp.mt.gov/fishing/siteDetail.html?id=281398,0, 
424,620,Monture Creek,fishing access/campsite,MT FWP, , ,5,Y,47.03647894,-113.2198568,http://fwp.mt.gov/fishing/siteDetail.html?id=280763,0, 
425,621,Ninemile Prairie,fishing access/campsite,MT FWP, , ,3,Y,46.94439203,-113.5027562,http://fwp.mt.gov/fishing/siteDetail.html?id=280932,0, 
426,622,Paradise,fishing access/campsite,MT FWP, , ,3,N,45.42045048,-110.6366432,http://fwp.mt.gov/fishing/siteDetail.html?id=281448,0, 
427,623,Prickly Pear,fishing access/campsite,MT FWP, , ,1,Y,46.92986742,-112.1223416,http://fwp.mt.gov/fishing/siteDetail.html?id=282636,0, 
428,624,Raynolds' Pass,fishing access/campsite,MT FWP, , ,6,N,44.82870796,-111.4793225,http://fwp.mt.gov/fishing/siteDetail.html?id=281507,0, 
429,625,Sunny Brook Springs,fishing access/campsite,MT FWP, , ,1,N,45.30887384,-110.89089,http://fwp.mt.gov/fishing/siteDetail.html?id=2971777,0, 
430,626,Thibodeau,fishing access/campsite,MT FWP, , ,8,Y,46.95251837,-113.6119058,http://fwp.mt.gov/fishing/siteDetail.html?id=-6,0, 
431,627,SPOTTED BEAR CAMPGROUND,fishing access/campsite,USFS, , ,0,Y,47.9256,-113.5275821,http://www.recreation.gov,0, 
