OBJECTID,Campground,Type,Managed_by,Ramp_Type,Ramp_Type2,Num_sites,Fee,Lat,Long,Website,Transparency,SymbolID
1,Arod Lake,boat launch/fishing access/campsite,MT FWP,gravel/river/lake bottom,,1,N,47.99550818,-112.028421,http://fwp.mt.gov/fishing/siteDetail.html?id=282414,,
2,Bratten,boat launch/fishing access/campsite,MT FWP,gravel/river/lake bottom,,5,Y,45.71669043,-109.6301672,http://fwp.mt.gov/fishing/siteDetail.html?id=283069,,
3,Brownes Bridge,boat launch/fishing access/campsite,MT FWP,gravel/river/lake bottom,,5,N,45.5467106,-112.6923047,http://fwp.mt.gov/fishing/siteDetail.html?id=281665,,
4,Corrick's River Bend,boat launch/fishing access/campsite,MT FWP,gravel/river/lake bottom,,12,Y,46.95137587,-113.5385004,http://fwp.mt.gov/fishing/siteDetail.html?id=280935,,
5,Ennis,boat launch/fishing access/campsite,MT FWP,gravel/river/lake bottom,,18,Y,45.34442363,-111.7230867,http://fwp.mt.gov/fishing/siteDetail.html?id=281716,,
6,Fresno Tailwater,boat launch/fishing access/campsite,MT FWP,gravel/river/lake bottom,,4,N,48.59837942,-109.9409946,http://fwp.mt.gov/fishing/siteDetail.html?id=283536,,
7,Glen,boat launch/fishing access/campsite,MT FWP,gravel/river/lake bottom,,7,N,45.46665995,-112.6690591,http://fwp.mt.gov/fishing/siteDetail.html?id=281742,,
8,Greycliff,boat launch/fishing access/campsite,MT FWP,gravel/river/lake bottom,,12,Y,45.70191283,-111.5141786,http://fwp.mt.gov/fishing/siteDetail.html?id=281578,,
9,Harry Morgan,boat launch/fishing access/campsite,MT FWP,gravel/river/lake bottom,,4,Y,46.98094999,-113.0973163,http://fwp.mt.gov/fishing/siteDetail.html?id=280695,,
10,Indian Fort,boat launch/fishing access/campsite,MT FWP,gravel/river/lake bottom,,30,Y,45.71536628,-109.5485694,http://fwp.mt.gov/fishing/siteDetail.html?id=283195,,
11,Maidenrock,boat launch/fishing access/campsite,MT FWP,gravel/river/lake bottom,,10,Y,45.65558284,-112.6961063,http://fwp.mt.gov/fishing/siteDetail.html?id=281451,,
12,Mid Canon,boat launch/fishing access/campsite,MT FWP,gravel/river/lake bottom,,5,Y,47.12547744,-111.8850831,http://fwp.mt.gov/fishing/siteDetail.html?id=282598,,
13,Newlan Creek Reservoir,boat launch/fishing access/campsite,MT FWP,gravel/river/lake bottom,,15,Y,46.64272936,-110.9372431,http://fwp.mt.gov/fishing/siteDetail.html?id=633671,,
14,Notch Bottom,boat launch/fishing access/campsite,MT FWP,gravel/river/lake bottom,,3,N,45.43651179,-112.566458,http://fwp.mt.gov/fishing/siteDetail.html?id=281793,,
15,Russell Gates Memorial,boat launch/fishing access/campsite,MT FWP,gravel/river/lake bottom,,11,Y,47.0234361,-113.3060234,http://fwp.mt.gov/fishing/siteDetail.html?id=280796,,
16,Salmon Fly,boat launch/fishing access/campsite,MT FWP,gravel/river/lake bottom,,6,Y,45.62438924,-112.6880488,http://fwp.mt.gov/fishing/siteDetail.html?id=281504,,
17,Snowden Bridge,boat launch/fishing access/campsite,MT FWP,gravel/river/lake bottom,,3,N,48.00635372,-104.1032339,http://fwp.mt.gov/fishing/siteDetail.html?id=9669952,,
18,Spite Hill,boat launch/fishing access/campsite,MT FWP,gravel/river/lake bottom,,1,Y,47.12112327,-111.9373451,http://fwp.mt.gov/fishing/siteDetail.html?id=282645,,
19,Stuart Mill Bay,boat launch/fishing access/campsite,MT FWP,gravel/river/lake bottom,,15,Y,46.17480483,-113.2753686,http://fwp.mt.gov/fishing/siteDetail.html?id=5986103,,
20,Upsata Lake,boat launch/fishing access/campsite,MT FWP,gravel/river/lake bottom,,6,Y,47.07304129,-113.2298003,http://fwp.mt.gov/fishing/siteDetail.html?id=280536,,
21,Valley Garden,boat launch/fishing access/campsite,MT FWP,gravel/river/lake bottom,,8,Y,45.36725449,-111.705392,http://fwp.mt.gov/fishing/siteDetail.html?id=281545,,
22,Voyagers Rest,boat launch/fishing access/campsite,MT FWP,gravel/river/lake bottom,,5,N,45.99682689,-108.1305942,http://fwp.mt.gov/fishing/siteDetail.html?id=283211,,
23,Bean Lake,boat launch/fishing access/campsite,MT FWP,concrete,,8,Y,47.30081949,-112.4282206,http://fwp.mt.gov/fishing/siteDetail.html?id=282455,,
24,Big Rock,boat launch/fishing access/campsite,MT FWP,hand launch only,,5,N,45.79293098,-109.9644647,http://fwp.mt.gov/fishing/siteDetail.html?id=283046,,
25,Bighorn,boat launch/fishing access/campsite,MT FWP,concrete,,5,Y,45.41459664,-107.7864821,http://fwp.mt.gov/fishing/siteDetail.html?id=283117,,
26,Bonfield,boat launch/fishing access/campsite,MT FWP,concrete,,2,N,46.63138912,-105.5678409,http://fwp.mt.gov/fishing/siteDetail.html?id=283855,,
27,Boulder Forks,boat launch/fishing access/campsite,MT FWP,hand launch only,,5,N,45.65769083,-110.1087198,http://fwp.mt.gov/fishing/siteDetail.html?id=283139,,
28,Brown's Lake,boat launch/fishing access/campsite,MT FWP,concrete,,12,Y,46.94574196,-113.0108488,http://fwp.mt.gov/fishing/siteDetail.html?id=280791,,
29,Buffalo Jump,boat launch/fishing access/campsite,MT FWP,hand launch only,,3,N,45.4363555,-109.7971257,http://fwp.mt.gov/fishing/siteDetail.html?id=283144,,
30,Bynum Reservoir,boat launch/fishing access/campsite,MT FWP,concrete,,4,Y,47.95988779,-112.405435,http://fwp.mt.gov/fishing/siteDetail.html?id=282562,,
31,Castle Rock,boat launch/fishing access/campsite,MT FWP,hand launch only,,10,Y,45.47302609,-109.7410398,http://fwp.mt.gov/fishing/siteDetail.html?id=283171,,
32,Chief Looking Glass,boat launch/fishing access/campsite,MT FWP,hand launch only,,17,Y,46.66165308,-114.0535481,http://fwp.mt.gov/fishing/siteDetail.html?id=280630,,
33,Cliff Swallow,boat launch/fishing access/campsite,MT FWP,hand launch only,,8,N,45.51491726,-109.6320849,http://fwp.mt.gov/fishing/siteDetail.html?id=283174,,
34,Craig,boat launch/fishing access/campsite,MT FWP,concrete,,11,Y,47.07255718,-111.9630362,http://fwp.mt.gov/fishing/siteDetail.html?id=282621,,
35,Dailey Lake,boat launch/fishing access/campsite,MT FWP,concrete,,18,Y,45.26870494,-110.8173188,http://fwp.mt.gov/fishing/siteDetail.html?id=281410,,
36,Deadman's Basin,boat launch/fishing access/campsite,MT FWP,concrete,,20,Y,46.32871644,-109.4320046,http://fwp.mt.gov/fishing/siteDetail.html?id=283279,,
37,Dearborn,boat launch/fishing access/campsite,MT FWP,hand launch only,,1,Y,47.12584864,-111.9073533,http://fwp.mt.gov/fishing/siteDetail.html?id=282624,,
38,Eureka Reservoir,boat launch/fishing access/campsite,MT FWP,concrete,raft slide launch,8,Y,47.87772225,-112.3140706,http://fwp.mt.gov/fishing/siteDetail.html?id=282533,,
39,Fairweather,boat launch/fishing access/campsite,MT FWP,concrete,,3,N,46.02772721,-111.4183128,http://fwp.mt.gov/fishing/siteDetail.html?id=281401,,
40,Fallon Bridge,boat launch/fishing access/campsite,MT FWP,concrete,,1,N,46.85674642,-105.1136059,http://fwp.mt.gov/fishing/siteDetail.html?id=283791,,
41,Fishtrap Creek,boat launch/fishing access/campsite,MT FWP,concrete,,20,Y,45.87065698,-113.2243272,http://fwp.mt.gov/fishing/siteDetail.html?id=281724,,
42,Forest Grove,boat launch/fishing access/campsite,MT FWP,concrete,,4,Y,47.07620651,-114.7614071,http://fwp.mt.gov/fishing/siteDetail.html?id=280686,,
43,General Custer,boat launch/fishing access/campsite,MT FWP,concrete,,1,N,45.92641688,-107.5785897,http://fwp.mt.gov/fishing/siteDetail.html?id=283177,,
44,Glasgow Base Pond,boat launch/fishing access/campsite,MT FWP,hand launch only,,4,N,48.44867359,-106.5769532,http://fwp.mt.gov/fishing/siteDetail.html?id=283561,,
45,Grant Marsh,boat launch/fishing access/campsite,MT FWP,concrete,,1,N,45.84424867,-107.5909732,http://fwp.mt.gov/fishing/siteDetail.html?id=6872214,,
46,Grey Bear,boat launch/fishing access/campsite,MT FWP,concrete,,10,Y,45.78640482,-110.0663524,http://fwp.mt.gov/fishing/siteDetail.html?id=283182,,
47,Hannon Memorial,boat launch/fishing access/campsite,MT FWP,hand launch only,,5,Y,45.97282322,-114.1401013,http://fwp.mt.gov/fishing/siteDetail.html?id=280636,,
48,Harpers Lake,boat launch/fishing access/campsite,MT FWP,hand launch only,,14,Y,47.02159962,-113.3805638,http://fwp.mt.gov/fishing/siteDetail.html?id=280580,,
49,Harrison Lake,boat launch/fishing access/campsite,MT FWP,concrete,,12,Y,45.69941899,-111.7079792,http://fwp.mt.gov/fishing/siteDetail.html?id=281364,,
50,Intake Dam,boat launch/fishing access/campsite,MT FWP,concrete,,15,Y,47.2843204,-104.5193317,http://fwp.mt.gov/fishing/siteDetail.html?id=283784,,
51,Loch Leven,boat launch/fishing access/campsite,MT FWP,concrete,,10,Y,45.4572139,-110.6242243,http://fwp.mt.gov/fishing/siteDetail.html?id=281775,,
52,Mallard's Landing,boat launch/fishing access/campsite,MT FWP,concrete,,1,N,45.52148415,-107.7242734,http://fwp.mt.gov/fishing/siteDetail.html?id=283214,,
53,Mallard's Rest,boat launch/fishing access/campsite,MT FWP,concrete,,8,Y,45.4848249,-110.6216256,http://fwp.mt.gov/fishing/siteDetail.html?id=281780,,
54,Manuel Lisa,boat launch/fishing access/campsite,MT FWP,concrete,,5,N,46.14474693,-107.4660292,http://fwp.mt.gov/fishing/siteDetail.html?id=283219,,
55,Martinsdale Reservoir,boat launch/fishing access/campsite,MT FWP,concrete,,11,Y,46.45061093,-110.282127,http://fwp.mt.gov/fishing/siteDetail.html?id=282542,,
56,Moraine,boat launch/fishing access/campsite,MT FWP,hand launch only,,5,N,45.46295703,-109.7563527,http://fwp.mt.gov/fishing/siteDetail.html?id=283227,,
57,Mountain Palace,boat launch/fishing access/campsite,MT FWP,concrete,,3,Y,47.1625535,-111.8230942,http://fwp.mt.gov/fishing/siteDetail.html?id=282633,,
58,Nilan Reservoir,boat launch/fishing access/campsite,MT FWP,concrete,raft slide launch,6,Y,47.47290879,-112.5197524,http://fwp.mt.gov/fishing/siteDetail.html?id=282583,,
59,Otter Creek,boat launch/fishing access/campsite,MT FWP,concrete,,3,N,45.85508091,-109.9157379,http://fwp.mt.gov/fishing/siteDetail.html?id=283203,,
60,Pelican,boat launch/fishing access/campsite,MT FWP,concrete,,3,N,45.75276452,-109.7676365,http://fwp.mt.gov/fishing/siteDetail.html?id=283230,,
61,Pelican Point,boat launch/fishing access/campsite,MT FWP,concrete,,3,Y,47.20093675,-111.7794874,http://fwp.mt.gov/fishing/siteDetail.html?id=282528,,
62,Pishkun Reservoir,boat launch/fishing access/campsite,MT FWP,concrete,raft slide launch,8,Y,47.6818735,-112.4653272,http://fwp.mt.gov/fishing/siteDetail.html?id=282132,,
63,Powder River Depot,boat launch/fishing access/campsite,MT FWP,hand launch only,,1,N,46.7427114,-105.4317097,http://fwp.mt.gov/fishing/siteDetail.html?id=283974,,
64,Prewett Creek,boat launch/fishing access/campsite,MT FWP,concrete,,7,Y,47.17128575,-111.827038,http://fwp.mt.gov/fishing/siteDetail.html?id=282792,,
65,River Junction,boat launch/fishing access/campsite,MT FWP,primitive,,6,Y,46.98573593,-113.1363657,http://fwp.mt.gov/fishing/siteDetail.html?id=280595,,
66,Rock Creek,boat launch/fishing access/campsite,MT FWP,concrete,,3,N,47.76763327,-106.285876,http://fwp.mt.gov/fishing/siteDetail.html?id=283564,,
67,Rosebud East,boat launch/fishing access/campsite,MT FWP,concrete,,10,Y,46.27389962,-106.6776973,http://fwp.mt.gov/fishing/siteDetail.html?id=283995,,
68,Rosebud Isle,boat launch/fishing access/campsite,MT FWP,hand launch only,,8,N,45.45073911,-109.5067729,http://fwp.mt.gov/fishing/siteDetail.html?id=283241,,
69,Selkirk,boat launch/fishing access/campsite,MT FWP,primitive,,5,N,46.46466661,-110.2237622,http://fwp.mt.gov/fishing/siteDetail.html?id=283060,,
70,Seven Sisters,boat launch/fishing access/campsite,MT FWP,hand launch only,,1,N,47.57379632,-104.2227692,http://fwp.mt.gov/fishing/siteDetail.html?id=6872359,,
71,South Sandstone,boat launch/fishing access/campsite,MT FWP,concrete,,10,N,46.33255572,-104.4741424,http://fwp.mt.gov/fishing/siteDetail.html?id=283867,,
72,Stickney Creek,boat launch/fishing access/campsite,MT FWP,concrete,,4,Y,47.11624927,-111.9457602,http://fwp.mt.gov/fishing/siteDetail.html?id=282650,,
73,Swinging Bridge,boat launch/fishing access/campsite,MT FWP,hand launch only,,5,N,45.58431085,-109.3316211,http://fwp.mt.gov/fishing/siteDetail.html?id=283248,,
74,Thompson Chain-of-Lakes,boat launch/fishing access/campsite,MT FWP,concrete,hand launch only,91,Y,48.0430779,-115.0951888,http://fwp.mt.gov/fishing/siteDetail.html?id=279882,,
75,Thompson Chain-of-Lakes,boat launch/fishing access/campsite,MT FWP,concrete,hand launch only,91,Y,48.04548315,-114.8304643,http://fwp.mt.gov/fishing/siteDetail.html?id=279882,,
76,Twelve Mile Dam,boat launch/fishing access/campsite,MT FWP,primitive,,8,N,46.2468868,-105.7499003,http://fwp.mt.gov/fishing/siteDetail.html?id=283799,,
77,Two Leggins,boat launch/fishing access/campsite,MT FWP,concrete,,1,Y,45.64533796,-107.6586506,http://fwp.mt.gov/fishing/siteDetail.html?id=283251,,
78,Varney Bridge,boat launch/fishing access/campsite,MT FWP,concrete,,8,Y,45.22899639,-111.7519454,http://fwp.mt.gov/fishing/siteDetail.html?id=281353,,
79,Water Birch,boat launch/fishing access/campsite,MT FWP,hand launch only,,10,Y,45.31475548,-109.1919664,http://fwp.mt.gov/fishing/siteDetail.html?id=283254,,
80,Whitebird,boat launch/fishing access/campsite,MT FWP,concrete,,10,Y,45.5752314,-109.3370225,http://fwp.mt.gov/fishing/siteDetail.html?id=283259,,
81,Willow Creek Reservoir,boat launch/fishing access/campsite,MT FWP,concrete,,6,Y,47.54780061,-112.4404468,http://fwp.mt.gov/fishing/siteDetail.html?id=282142,,
82,Wolf Creek Bridge,boat launch/fishing access/campsite,MT FWP,concrete,,5,Y,47.01982632,-112.01111,http://fwp.mt.gov/fishing/siteDetail.html?id=282659,,
83,York's Islands,boat launch/fishing access/campsite,MT FWP,concrete,,10,Y,46.26686551,-111.4935621,http://fwp.mt.gov/fishing/siteDetail.html?id=281598,,
84,Black Sandy,boat launch/fishing access/campsite,State of Montana,not reported,,,Y,46.74486094,-111.8863175,http://stateparks.mt.gov/camping/,,
85,Black Sandy,boat launch/fishing access/campsite,State of Montana,not reported,,,Y,46.74665254,-111.886611,http://stateparks.mt.gov/camping/,,
86,Cooney,boat launch/fishing access/campsite,State of Montana,not reported,,,Y,45.44318781,-109.2041589,http://stateparks.mt.gov/camping/,,
87,Cooney,boat launch/fishing access/campsite,State of Montana,not reported,,,Y,45.44053459,-109.2340202,http://stateparks.mt.gov/camping/,,
88,Cooney,boat launch/fishing access/campsite,State of Montana,not reported,,,Y,45.43527913,-109.2257519,http://stateparks.mt.gov/camping/,,
89,Cooney,boat launch/fishing access/campsite,State of Montana,not reported,,,Y,45.44073614,-109.209658,http://stateparks.mt.gov/camping/,,
90,Cooney,boat launch/fishing access/campsite,State of Montana,not reported,,,Y,45.44943813,-109.2157267,http://stateparks.mt.gov/camping/,,
91,Lake Mary Ronan,boat launch/fishing access/campsite,State of Montana,not reported,,,Y,47.92588086,-114.3812975,http://stateparks.mt.gov/camping/,,
92,Logan,boat launch/fishing access/campsite,State of Montana,not reported,,,Y,48.03332941,-115.069,http://stateparks.mt.gov/camping/,,
93,Logan,boat launch/fishing access/campsite,State of Montana,not reported,,,Y,48.03393705,-115.0689066,http://stateparks.mt.gov/camping/,,
94,Logan,boat launch/fishing access/campsite,State of Montana,not reported,,,Y,48.03337757,-115.0673163,http://stateparks.mt.gov/camping/,,
95,Logan,boat launch/fishing access/campsite,State of Montana,not reported,,,Y,48.0327127,-115.0653304,http://stateparks.mt.gov/camping/,,
96,Missouri Headwaters,boat launch/fishing access/campsite,State of Montana,not reported,,,Y,45.91792243,-111.5021595,http://stateparks.mt.gov/camping/,,
97,Painted Rocks,boat launch/fishing access/campsite,State of Montana,not reported,,,Y,45.68350428,-114.3002017,http://stateparks.mt.gov/camping/,,
98,Painted Rocks,boat launch/fishing access/campsite,State of Montana,not reported,,,Y,45.68049325,-114.3020744,http://stateparks.mt.gov/camping/,,
99,Placid Lake,boat launch/fishing access/campsite,State of Montana,not reported,,,Y,47.12037461,-113.5049442,http://stateparks.mt.gov/camping/,,
100,Placid Lake,boat launch/fishing access/campsite,State of Montana,not reported,,,Y,47.11742707,-113.50252,http://stateparks.mt.gov/camping/,,
101,Placid Lake,boat launch/fishing access/campsite,State of Montana,not reported,,,Y,47.11805477,-113.5012166,http://stateparks.mt.gov/camping/,,
102,Salmon Lake,boat launch/fishing access/campsite,State of Montana,not reported,,,Y,47.09225997,-113.3979565,http://stateparks.mt.gov/camping/,,
103,Salmon Lake,boat launch/fishing access/campsite,State of Montana,not reported,,,Y,47.09406092,-113.3998894,http://stateparks.mt.gov/camping/,,
104,Tongue River Reservoir,boat launch/fishing access/campsite,State of Montana,not reported,,,Y,45.09554742,-106.7893609,http://stateparks.mt.gov/camping/,,
105,Tongue River Reservoir,boat launch/fishing access/campsite,State of Montana,not reported,,,Y,45.10803131,-106.7764639,http://stateparks.mt.gov/camping/,,
106,Tongue River Reservoir,boat launch/fishing access/campsite,State of Montana,not reported,,,Y,45.09422518,-106.7966261,http://stateparks.mt.gov/camping/,,
107,Logan,boat launch/fishing access/campsite,State of Montana,not reported,,,Y,48.03211343,-115.0665592,http://stateparks.mt.gov/camping/,,
108,Whitefish Lake,boat launch/fishing access/campsite,State of Montana,not reported,,,Y,48.42491258,-114.3701047,http://stateparks.mt.gov/camping/,,
109,Whitefish Lake,boat launch/fishing access/campsite,State of Montana,not reported,,,Y,48.42505087,-114.3715802,http://stateparks.mt.gov/camping/,,
110,Flathead Lake/Finley Point,boat launch/fishing access/campsite,State of Montana,not reported,,,Y,47.75466037,-114.0856117,http://stateparks.mt.gov/camping/,,
111,Makoshika,campground,State of Montana,,,,Y,47.07367689,-104.6936989,http://stateparks.mt.gov/camping/,,
112,Makoshika,campground,State of Montana,,,,Y,47.05797802,-104.664001,http://stateparks.mt.gov/camping/,,
113,Makoshika,campground,State of Montana,,,,Y,47.03759769,-104.6374621,http://stateparks.mt.gov/camping/,,
114,BALANCED ROCK CAMPGROUND,campground,USFS,,,,N,45.49177,-112.01842,http://www.recreation.gov,,
115,BASIN CANYON CAMPGROUND,campground,USFS,,,,N,45.8555,-112.5479,http://www.recreation.gov,,
116,BEAR CREEK CAMPGROUND,campground,USFS,,,,N,45.1626,-111.55646,http://www.recreation.gov,,
117,BEAVERDAM CAMPGROUND,campground,USFS,,,,Y,45.88291,-112.77771,http://www.recreation.gov,,
118,BELL LAKE JUNCTION DISPERSED SITE,campground,USFS,,,,N,45.56027778,-111.9575,http://www.recreation.gov,,
119,BOULDER CREEK CAMPGROUND,campground,USFS,,,,Y,45.64881,-113.0637,http://www.recreation.gov,,
120,BOY SCOUT FLAT DISPERSED SITE,campground,USFS,,,,N,45.45983333,-112.8658056,http://www.recreation.gov,,
121,BRANHAM LAKES CAMPGROUND,campground,USFS,,,,N,45.51755,-111.98908,http://www.recreation.gov,,
122,BROWNES LAKE DISPERSED SITE,campground,USFS,,,,N,45.52808334,-112.8181111,http://www.recreation.gov,,
123,CABLE MOUNTAIN CAMPGROUND,campground,USFS,,,,Y,46.22094,-113.24323,http://www.recreation.gov,,
124,CANYON CREEK CAMPGROUND,campground,USFS,,,,N,45.62355,-112.94217,http://www.recreation.gov,,
125,CLIFF POINT CAMPGROUND,campground,USFS,,,,Y,44.79308,-111.56688,http://www.recreation.gov,,
126,COPPER CREEK CAMPGROUND,campground,USFS,,,,N,46.06755,-113.54331,http://www.recreation.gov,,
127,COTTONWOOD CAMPGROUND,campground,USFS,,,,N,44.97146,-111.96552,http://www.recreation.gov,,
128,CRYSTAL CREEK CAMPGROUND,campground,USFS,,,,N,46.23448,-113.75007,http://www.recreation.gov,,
129,DELMOE LAKE CAMPGROUND,campground,USFS,,,,Y,45.986667,-112.356111,http://www.recreation.gov,,
130,DINNER STATION CAMPGROUND,campground,USFS,,,,Y,45.42707,-112.90266,http://www.recreation.gov,,
131,EAST CREEK CAMPGROUND,campground,USFS,,,,N,44.55402,-112.66163,http://www.recreation.gov,,
132,EAST FORK CAMPGROUND,campground,USFS,,,,N,46.13995,-113.38871,http://www.recreation.gov,,
133,ELK CREEK DISPERSED,campground,USFS,,,,N,45.59594444,-113.0963056,http://www.recreation.gov,,
134,ELK LAKE DISPERSED SITE,campground,USFS,,,,N,44.66944445,-111.6302778,http://www.recreation.gov,,
135,FLINT CREEK CAMPGROUND,campground,USFS,,,,N,46.23385,-113.30217,http://www.recreation.gov,,
136,FOURTH OF JULY CAMPGROUND,campground,USFS,,,,Y,45.66131,-113.06035,http://www.recreation.gov,,
137,GRASSHOPPER CAMPGROUND,campground,USFS,,,,Y,45.45102,-113.12383,http://www.recreation.gov,,
138,HIDDEN LAKE DISPERSED SITE,campground,USFS,,,,N,44.71416667,-111.6066667,http://www.recreation.gov,,
139,HILLTOP CAMPGROUND,campground,USFS,,,,Y,44.79959,-111.56321,http://www.recreation.gov,,
140,JERRY CREEK DISPERSED SITE,campground,USFS,,,,N,45.83461111,-112.8750833,http://www.recreation.gov,,
141,KITTY CREEK DISPERSED SITE,campground,USFS,,,,N,45.07763889,-113.4239722,http://www.recreation.gov,,
142,LADYSMITH CAMPGROUND,campground,USFS,,,,N,46.25088,-112.40498,http://www.recreation.gov,,
143,LITTLE JOE CAMPGROUND,campground,USFS,,,,Y,45.55792,-113.09271,http://www.recreation.gov,,
144,LODGEPOLE CAMPGROUND-02,campground,USFS,,,,Y,45.64334,-113.07749,http://www.recreation.gov,,
145,LODGEPOLE CAMPGROUND-08,campground,USFS,,,,Y,46.21315,-113.27527,http://www.recreation.gov,,
146,LOWLAND CAMPGROUND,campground,USFS,,,,Y,46.13773,-112.50858,http://www.recreation.gov,,
147,MADISON RIVER CAMPGROUND,campground,USFS,,,,Y,44.87719,-111.57571,http://www.recreation.gov,,
148,MAY CREEK CAMPGROUND,campground,USFS,,,,Y,45.65063,-113.78301,http://www.recreation.gov,,
149,MILL CREEK CAMPGROUND,campground,USFS,,,,N,45.48552,-112.07968,http://www.recreation.gov,,
150,MINER LAKE CAMPGROUND,campground,USFS,,,,Y,45.32407,-113.58388,http://www.recreation.gov,,
151,MONO CREEK CAMPGROUND,campground,USFS,,,,Y,45.53436,-113.07876,http://www.recreation.gov,,
152,MORMON GULCH CAMPGROUND,campground,USFS,,,,N,46.25921,-112.36281,http://www.recreation.gov,,
153,MUSSIGBROD CAMPGROUND,campground,USFS,,,,Y,45.78891,-113.60973,http://www.recreation.gov,,
154,NORTH VAN HOUTEN CAMPGROUND,campground,USFS,,,,N,45.24803,-113.47642,http://www.recreation.gov,,
155,OROFINO CAMPGROUND,campground,USFS,,,,N,46.2623,-112.6074,http://www.recreation.gov,,
156,PETTENGILL CAMPGROUND,campground,USFS,,,,Y,45.68344,-113.05513,http://www.recreation.gov,,
157,PHILIPSBURG BAY CAMPGROUND,campground,USFS,,,,Y,46.20922,-113.29441,http://www.recreation.gov,,
158,PIGEON CREEK CAMPGROUND,campground,USFS,,,,N,45.80036,-112.3965,http://www.recreation.gov,,
159,PINTLER CAMPGROUND,campground,USFS,,,,N,45.83917,-113.43394,http://www.recreation.gov,,
160,POTOSI CAMPGROUND,campground,USFS,,,,N,45.57328,-111.90435,http://www.recreation.gov,,
161,PRICE CREEK CAMPGROUND,campground,USFS,,,,Y,44.63659,-112.15716,http://www.recreation.gov,,
162,RACETRACK CAMPGROUND,campground,USFS,,,,N,46.28396,-112.94056,http://www.recreation.gov,,
163,RESERVOIR LAKE CAMPGROUND,campground,USFS,,,,Y,45.12381,-113.44822,http://www.recreation.gov,,
164,RIVERVIEW CAMPGROUND,campground,USFS,,,,Y,44.8842,-111.5768,http://www.recreation.gov,,
165,ROCK CREEK DISP SITE,campground,USFS,,,,N,45.52462223,-112.8460778,http://www.recreation.gov,,
166,SACAJAWEA MEMORIAL CAMPGROUND,campground,USFS,,,,N,44.9699,-113.43917,http://www.recreation.gov,,
167,SEYMOUR CREEK CAMPGROUND,campground,USFS,,,,N,45.98318,-113.18923,http://www.recreation.gov,,
168,SOUTH BOULDER UPPER DISPERSED SITE,campground,USFS,,,,N,45.62944445,-112.0336111,http://www.recreation.gov,,
169,SOUTH VAN HOUTEN CAMPGROUND,campground,USFS,,,,N,45.24451,-113.4755,http://www.recreation.gov,,
170,SPILLWAY CAMPGROUND,campground,USFS,,,,N,46.1264,-113.38719,http://www.recreation.gov,,
171,SPRING HILL CAMPGROUND,campground,USFS,,,,Y,46.17354,-113.17656,http://www.recreation.gov,,
172,STEEL CREEK CAMPGROUND,campground,USFS,,,,N,45.603415,-113.336572,http://www.recreation.gov,,
173,STONY CAMPGROUND,campground,USFS,,,,N,46.345155,-113.61116,http://www.recreation.gov,,
174,SURESHOT DISPERSED SITE,campground,USFS,,,,N,45.54944444,-111.9125,http://www.recreation.gov,,
175,TOLL MOUNTAIN CAMPGROUND,campground,USFS,,,,N,45.84567,-112.3666,http://www.recreation.gov,,
176,TWIN LAKES CAMPGROUND,campground,USFS,,,,Y,45.41418,-113.6885,http://www.recreation.gov,,
177,VIG/BRUNT CREEK/COTTONWOOD ROAD REST AREAS,campground,USFS,,,,N,44.9736,-111.9735,http://www.recreation.gov,,
178,WADE LAKE CAMPGROUND,campground,USFS,,,,Y,44.80532,-111.57202,http://www.recreation.gov,,
179,WARM SPRINGS CAMPGROUND,campground,USFS,,,,N,46.19906,-113.16301,http://www.recreation.gov,,
180,WARM SPRINGS DISPERSED SITE,campground,USFS,,,,N,45.04,-111.9338889,http://www.recreation.gov,,
181,WEST FORK CAMPGROUND,campground,USFS,,,,Y,44.88344,-111.57975,http://www.recreation.gov,,
182,WEST FORK CORRIDOR/SMITH LAKE & SOAP CREEK,campground,USFS,,,,N,44.8533,-111.5799,http://www.recreation.gov,,
183,WHITEHOUSE CAMPGROUND,campground,USFS,,,,N,46.25895,-112.47877,http://www.recreation.gov,,
184,WILLOW CAMPGROUND,campground,USFS,,,,Y,45.63449,-113.08011,http://www.recreation.gov,,
185,ALTA CAMPGROUND,campground,USFS,,,,Y,45.62416667,-114.3011111,http://www.recreation.gov,,
186,BLACK BEAR CAMPGROUND,campground,USFS,,,,N,46.16638889,-113.9205556,http://www.recreation.gov,,
187,BLODGETT CAMPGROUND,campground,USFS,,,,N,46.26972222,-114.2441667,http://www.recreation.gov,,
188,CHARLES WATERS CAMPGROUND,campground,USFS,,,,Y,46.57555556,-114.1397222,http://www.recreation.gov,,
189,CRAZY CREEK CAMPGROUND,campground,USFS,,,,Y,45.81,-114.0680556,http://www.recreation.gov,,
190,DEEP CREEK CAMPGROUND,campground,USFS,,,,N,45.71416667,-114.7083333,http://www.recreation.gov,,
191,GOLD CREEK CAMPGROUND,campground,USFS,,,,N,46.3975,-113.9013889,http://www.recreation.gov,,
192,INDIAN CREEK CAMPGROUND,campground,USFS,,,,N,45.78916667,-114.7625,http://www.recreation.gov,,
193,INDIAN TREES CAMPGROUND,campground,USFS,,,,Y,45.75583333,-113.9533333,http://www.recreation.gov,,
194,JENNINGS CAMP CAMPGROUND,campground,USFS,,,,N,45.89638889,-113.8186111,http://www.recreation.gov,,
195,LAKE COMO CAMPGROUND,campground,USFS,,,,Y,46.06888889,-114.2363889,http://www.recreation.gov,,
196,MAGRUDER CROSSING CAMPGROUND,campground,USFS,,,,N,45.73638889,-114.7580556,http://www.recreation.gov,,
197,MARTIN CREEK CAMPGROUND,campground,USFS,,,,Y,45.93166667,-113.7219444,http://www.recreation.gov,,
198,OBSERVATION POINT CAMPGROUND,campground,USFS,,,,N,45.66583333,-114.8086111,http://www.recreation.gov,,
199,PARADISE CAMPGROUND,campground,USFS,,,,N,45.86083333,-114.7377778,http://www.recreation.gov,,
200,RAVEN CREEK CAMPGROUND,campground,USFS,,,,N,45.76194444,-114.7825,http://www.recreation.gov,,
201,ROMBO CAMPGROUND,campground,USFS,,,,Y,45.76527778,-114.2797222,http://www.recreation.gov,,
202,SAM BILLINGS MEMORIAL CAMPGROUND,campground,USFS,,,,N,45.82638889,-114.2497222,http://www.recreation.gov,,
203,SCHUMAKER CAMPGROUND,campground,USFS,,,,N,46.15138889,-114.4952778,http://www.recreation.gov,,
204,SLATE CREEK CAMPGROUND,campground,USFS,,,,N,45.69805556,-114.2819444,http://www.recreation.gov,,
205,SPRING GULCH CAMPGROUND,campground,USFS,,,,Y,45.85861111,-114.0219444,http://www.recreation.gov,,
206,UPPER COMO CAMPGROUND,campground,USFS,,,,Y,46.0675,-114.2486111,http://www.recreation.gov,,
207,WARM SPRINGS CAMPGROUND,campground,USFS,,,,Y,45.8425,-114.0394444,http://www.recreation.gov,,
208,BARTOO ISLAND SITES,campground,USFS,,,,Y,48.543949,-116.878938,http://www.recreation.gov,,
209,BEAUTY CREEK-C,campground,USFS,,,,Y,47.609677,-116.677691,http://www.recreation.gov,,
210,BEAVER CREEK-C02,campground,USFS,,,,N,47.0706,-115.39629,http://www.recreation.gov,,
211,BEAVER CREEK-C08,campground,USFS,,,,Y,48.73518,-116.859963,http://www.recreation.gov,,
212,BELL BAY-C,campground,USFS,,,,Y,47.474247,-116.844491,http://www.recreation.gov,,
213,BERLIN FLATS,campground,USFS,,,,Y,47.791986,-115.953231,http://www.recreation.gov,,
214,BIG CREEK,campground,USFS,,,,N,47.3036,-116.12,http://www.recreation.gov,,
215,BIG HANK,campground,USFS,,,,Y,47.82464,-116.10106,http://www.recreation.gov,,
216,BOTTLE BAY CG,campground,USFS,,,,N,48.70501,-116.8602,http://www.recreation.gov,,
217,BOULDER GAGING,campground,USFS,,,,N,48.59832,-116.09139,http://www.recreation.gov,,
218,BUMBLEBEE,campground,USFS,,,,Y,47.634745,-116.285223,http://www.recreation.gov,,
219,CAMP 3,campground,USFS,,,,N,47.13111,-116.10152,http://www.recreation.gov,,
220,CEDAR CREEK,campground,USFS,,,,Y,47.05066,-116.28916,http://www.recreation.gov,,
221,CLIFF CREEK,campground,USFS,,,,N,47.34978,-115.66949,http://www.recreation.gov,,
222,CONRAD CROSSING,campground,USFS,,,,N,47.160187,-115.41853,http://www.recreation.gov,,
223,COPPER CREEK,campground,USFS,,,,Y,48.982458,-116.163112,http://www.recreation.gov,,
224,DEVILS ELBOW-C,campground,USFS,,,,Y,47.774305,-116.031513,http://www.recreation.gov,,
225,DISTILLERY BAY,campground,USFS,,,,N,48.68351,-116.88253,http://www.recreation.gov,,
226,DONKEY CREEK,campground,USFS,,,,N,47.186,-116.08095,http://www.recreation.gov,,
227,EMERALD CREEK,campground,USFS,,,,Y,47.008781,-116.323767,http://www.recreation.gov,,
228,EVANS LANDING,campground,USFS,,,,N,48.07488,-116.53274,http://www.recreation.gov,,
229,FLY FLAT,campground,USFS,,,,N,47.113924,-115.388865,http://www.recreation.gov,,
230,GEISINGER,campground,USFS,,,,N,48.76967,-116.86111,http://www.recreation.gov,,
231,GOLD FLAT CAMPGROUND,campground,USFS,,,,N,47.13725277,-115.4065611,http://www.recreation.gov,,
232,GRAHAM CREEK,campground,USFS,,,,N,47.652597,-116.090323,http://www.recreation.gov,,
233,GREEN BAY,campground,USFS,,,,N,48.178139,-116.405548,http://www.recreation.gov,,
234,HAWKSEYE CAMP,campground,USFS,,,,N,47.77318,-115.96116,http://www.recreation.gov,,
235,HELLER CREEK,campground,USFS,,,,N,47.06481,-115.21862,http://www.recreation.gov,,
236,HONEYSUCKLE,campground,USFS,,,,Y,47.73773,-116.4767,http://www.recreation.gov,,
237,HUCKLEBERRY CG,campground,USFS,,,,N,48.30643056,-116.2903194,http://www.recreation.gov,,
238,INDEPENDENCE,campground,USFS,,,,N,47.88766,-116.22044,http://www.recreation.gov,,
239,KALISPELL ISLAND SITES,campground,USFS,,,,Y,48.567038,-116.899431,http://www.recreation.gov,,
240,KIT PRICE,campground,USFS,,,,Y,47.740488,-116.008279,http://www.recreation.gov,,
241,LAKE ELSIE,campground,USFS,,,,N,47.42775,-116.02287,http://www.recreation.gov,,
242,LEES POINT,campground,USFS,,,,N,48.14874,-116.24888,http://www.recreation.gov,,
243,LITTLE NORTH FORK CLW,campground,USFS,,,,N,47.0663,-115.84832,http://www.recreation.gov,,
244,LONG POOL,campground,USFS,,,,N,47.79111,-116.06488,http://www.recreation.gov,,
245,LOOP CREEK,campground,USFS,,,,N,47.35713,-115.72297,http://www.recreation.gov,,
246,LOST CREEK,campground,USFS,,,,N,47.71514,-115.92925,http://www.recreation.gov,,
247,LUBY BAY,campground,USFS,,,,Y,48.55073,-116.924593,http://www.recreation.gov,,
248,MAIDEN ROCK,campground,USFS,,,,N,48.09918,-116.51004,http://www.recreation.gov,,
249,MAMMOTH SPRINGS,campground,USFS,,,,N,47.103882,-115.630717,http://www.recreation.gov,,
250,MARBLE CREEK,campground,USFS,,,,N,47.19872,-116.06807,http://www.recreation.gov,,
251,MEADOW CREEK,campground,USFS,,,,Y,48.81987,-116.14733,http://www.recreation.gov,,
252,MOKINS BAY,campground,USFS,,,,Y,47.784508,-116.666397,http://www.recreation.gov,,
253,MOUNTAIN SPRINGS,campground,USFS,,,,N,47.01247,-116.07408,http://www.recreation.gov,,
254,NAVIGATION,campground,USFS,,,,N,48.7949,-116.91056,http://www.recreation.gov,,
255,NORTH FORK JOE,campground,USFS,,,,N,47.29537,-115.77459,http://www.recreation.gov,,
256,NUGGET CREEK,campground,USFS,,,,N,47.21558,-115.5574,http://www.recreation.gov,,
257,OSPREY,campground,USFS,,,,Y,48.501978,-116.889964,http://www.recreation.gov,,
258,OUTLET,campground,USFS,,,,Y,48.495369,-116.893072,http://www.recreation.gov,,
259,PACKSADDLE,campground,USFS,,,,N,47.23202,-115.72939,http://www.recreation.gov,,
260,PLOWBOY,campground,USFS,,,,N,48.76892,-116.87728,http://www.recreation.gov,,
261,PORCUPINE LAKE,campground,USFS,,,,N,48.244486,-116.185642,http://www.recreation.gov,,
262,REEDER BAY,campground,USFS,,,,Y,48.626261,-116.890576,http://www.recreation.gov,,
263,ROBINSON LAKE-C,campground,USFS,,,,Y,48.969584,-116.218545,http://www.recreation.gov,,
264,ROMAN NOSE,campground,USFS,,,,N,48.63467,-116.56905,http://www.recreation.gov,,
265,SPRUCE TREE,campground,USFS,,,,N,47.037106,-115.348869,http://www.recreation.gov,,
266,STAGGER INN,campground,USFS,,,,N,48.76693,-117.06148,http://www.recreation.gov,,
267,TEACHER BAY,campground,USFS,,,,N,48.7113,-116.85656,http://www.recreation.gov,,
268,TIN CAN,campground,USFS,,,,Y,47.229795,-115.612012,http://www.recreation.gov,,
269,TRAPPER,campground,USFS,,,,N,48.79778,-116.89069,http://www.recreation.gov,,
270,TRIPOD POINT,campground,USFS,,,,N,48.71949,-116.85273,http://www.recreation.gov,,
271,TULE BAY,campground,USFS,,,,N,48.73142,-116.85673,http://www.recreation.gov,,
272,TURNER FLAT,campground,USFS,,,,Y,47.236919,-115.653733,http://www.recreation.gov,,
273,WHITEROCK SPRINGS,campground,USFS,,,,N,46.99158,-116.10501,http://www.recreation.gov,,
274,4TH OF JULY CAMP,campground,USFS,,,,N,46.663928,-115.378647,http://www.recreation.gov,,
275,APGAR CAMPGROUND,campground,USFS,,,,Y,46.214686,-115.535675,http://www.recreation.gov,,
276,AQUARIUS CAMPGROUND,campground,USFS,,,,Y,46.841267,-115.614956,http://www.recreation.gov,,
277,BIMERICK CREEK CAMP,campground,USFS,,,,N,46.22839683,-115.4449602,http://www.recreation.gov,,
278,BOUNDARY JUNCTION CAMP,campground,USFS,,,,N,46.41538456,-115.556927,http://www.recreation.gov,,
279,BUNGALOW CAMP,campground,USFS,,,,N,46.62961722,-115.5068191,http://www.recreation.gov,,
280,CAYUSE LANDING CAMP,campground,USFS,,,,N,46.667869,-115.071486,http://www.recreation.gov,,
281,CEDARS CAMPGROUND,campground,USFS,,,,N,46.87175,-115.084552,http://www.recreation.gov,,
282,COLGATE CAMP CAMPGROUND,campground,USFS,,,,N,46.4674,-114.943683,http://www.recreation.gov,,
283,COTTONWOOD CREEK CAMP,campground,USFS,,,,N,46.585575,-115.553075,http://www.recreation.gov,,
284,DOG CREEK CAMP,campground,USFS,,,,N,46.8678316,-115.6185798,http://www.recreation.gov,,
285,ELK CREEK CAMPGROUND,campground,USFS,,,,Y,46.7833,-116.170278,http://www.recreation.gov,,
286,ELK SUMMIT CAMPGROUND,campground,USFS,,,,N,46.328489,-114.644519,http://www.recreation.gov,,
287,FAWN CREEK CAMP,campground,USFS,,,,N,46.653936,-115.450347,http://www.recreation.gov,,
288,FISH LAKE CAMP,campground,USFS,,,,N,46.84636434,-114.9863949,http://www.recreation.gov,,
289,FLAT CREEK CAMP,campground,USFS,,,,N,46.721086,-115.292453,http://www.recreation.gov,,
290,GIANT WHITE PINE CAMPGROUND,campground,USFS,,,,Y,47.009051,-116.675213,http://www.recreation.gov,,
291,GOOSE CRK/LAKE CREEK CAMP,campground,USFS,,,,N,46.86343099,-115.0036402,http://www.recreation.gov,,
292,HIDDEN CREEK CAMPGROUND,campground,USFS,,,,Y,46.829105,-115.181912,http://www.recreation.gov,,
293,HOOK CREEK CAMP,campground,USFS,,,,N,46.58893362,-115.5390193,http://www.recreation.gov,,
294,HORSE CAMP (PALOUSE),campground,USFS,,,,N,46.98850774,-116.6027836,http://www.recreation.gov,,
295,ISABELLA CAMP,campground,USFS,,,,N,46.891908,-115.591333,http://www.recreation.gov,,
296,ISABELLA LANDING CAMP,campground,USFS,,,,N,46.85015452,-115.630771,http://www.recreation.gov,,
297,JAZZ CREEK CAMP,campground,USFS,,,,N,46.601561,-115.530514,http://www.recreation.gov,,
298,JERRY JOHNSON CAMPGROUND,campground,USFS,,,,Y,46.477461,-114.903869,http://www.recreation.gov,,
299,JOY CREEK CAMP,campground,USFS,,,,N,46.52666715,-115.6009054,http://www.recreation.gov,,
300,JUNCTION CREEK CAMP,campground,USFS,,,,N,46.7193186,-115.2331202,http://www.recreation.gov,,
301,KELLY CREEK CAMP,campground,USFS,,,,N,46.720622,-115.084861,http://www.recreation.gov,,
302,KELLY FORKS CAMPGROUND,campground,USFS,,,,Y,46.717131,-115.254497,http://www.recreation.gov,,
303,LAIRD PARK CAMPGROUND,campground,USFS,,,,Y,46.943872,-116.645914,http://www.recreation.gov,,
304,LITTLE BOULDER CAMPGROUND,campground,USFS,,,,Y,46.771233,-116.458522,http://www.recreation.gov,,
305,LOLO CAMPGROUND,campground,USFS,,,,Y,46.294514,-115.751433,http://www.recreation.gov,,
306,MYSTERY SADDLE CAMP,campground,USFS,,,,N,46.26449269,-115.6368191,http://www.recreation.gov,,
307,NOE CREEK CAMPGROUND,campground,USFS,,,,Y,46.684961,-115.366297,http://www.recreation.gov,,
308,NOSEEUM MEADOWS CAMP,campground,USFS,,,,N,46.42112066,-115.3037686,http://www.recreation.gov,,
309,PARTRIDGE CREEK CAMP,campground,USFS,,,,N,46.7844232,-116.1490556,http://www.recreation.gov,,
310,PETE FORKS JUNCTION CAMP,campground,USFS,,,,N,46.38592274,-115.5843847,http://www.recreation.gov,,
311,PETE OTT CAMP,campground,USFS,,,,N,46.74835312,-115.2373419,http://www.recreation.gov,,
312,PINE CREEK CAMP,campground,USFS,,,,N,46.58990553,-115.5373344,http://www.recreation.gov,,
313,POWELL CAMPGROUND,campground,USFS,,,,Y,46.511333,-114.726752,http://www.recreation.gov,,
314,PURPLE BEACH CAMP,campground,USFS,,,,N,46.84236272,-115.619635,http://www.recreation.gov,,
315,RIVIERA CAMP,campground,USFS,,,,N,46.77912384,-115.4805079,http://www.recreation.gov,,
316,ROCKY RIDGE CAMPGROUND,campground,USFS,,,,N,46.433333,-115.490833,http://www.recreation.gov,,
317,RUBY CREEK CAMP,campground,USFS,,,,N,46.72964257,-115.0775874,http://www.recreation.gov,,
318,STATION CREEK CAMP,campground,USFS,,,,N,46.633031,-115.507681,http://www.recreation.gov,,
319,UPPER BASIN CAMP,campground,USFS,,,,N,46.861906,-116.184564,http://www.recreation.gov,,
320,WASHINGTON CREEK CAMPGROUND,campground,USFS,,,,Y,46.701869,-115.555933,http://www.recreation.gov,,
321,WEITAS BRIDGE CAMP,campground,USFS,,,,N,46.55509387,-115.4369965,http://www.recreation.gov,,
322,WEITAS CAMPGROUND,campground,USFS,,,,Y,46.637561,-115.428122,http://www.recreation.gov,,
323,WEITAS GUARD STATION CAMP,campground,USFS,,,,N,46.55395341,-115.4380927,http://www.recreation.gov,,
324,WEITAS MEADOWS CAMP,campground,USFS,,,,N,46.43821909,-115.4918099,http://www.recreation.gov,,
325,WENDOVER CAMPGROUND,campground,USFS,,,,Y,46.506646,-114.789682,http://www.recreation.gov,,
326,WENDOVER STAGING AREA,campground,USFS,,,,N,46.507,-114.7897,http://www.recreation.gov,,
327,WHITE SAND CAMPGROUND,campground,USFS,,,,Y,46.511854,-114.789682,http://www.recreation.gov,,
328,WHITEHOUSE CAMPGROUND,campground,USFS,,,,Y,46.508517,-114.770525,http://www.recreation.gov,,
329,WILD GOOSE CAMPGROUND,campground,USFS,,,,Y,46.135869,-115.621975,http://www.recreation.gov,,
330,WILDERNESS GATEWAY CAMPGROUND,campground,USFS,,,,Y,46.337958,-115.310728,http://www.recreation.gov,,
331,BASIN-C,campground,USFS,,,,Y,45.15972222,-109.3841667,http://www.recreation.gov,,
332,CASCADE,campground,USFS,,,,Y,45.17305556,-109.4488889,http://www.recreation.gov,,
333,COW CREEK,campground,USFS,,,,N,45.30916667,-106.2469444,http://www.recreation.gov,,
334,EAST ROSEBUD LAKE,campground,USFS,,,,Y,45.19972222,-109.6330556,http://www.recreation.gov,,
335,EKALAKA PARK,campground,USFS,,,,N,45.79861111,-104.5161111,http://www.recreation.gov,,
336,EMERALD LAKE,campground,USFS,,,,Y,45.20444444,-109.6330556,http://www.recreation.gov,,
337,GREENOUGH LAKE,campground,USFS,,,,Y,45.05555556,-109.4133333,http://www.recreation.gov,,
338,HOLIDAY SPRING,campground,USFS,,,,N,45.63861111,-105.9741667,http://www.recreation.gov,,
339,INITIAL CREEK,campground,USFS,,,,N,45.41944444,-109.9155556,http://www.recreation.gov,,
340,JIMMY JOE,campground,USFS,,,,N,45.23388889,-109.6005556,http://www.recreation.gov,,
341,LANTIS SPRING,campground,USFS,,,,N,45.63222222,-104.1766667,http://www.recreation.gov,,
342,LIMBER PINE,campground,USFS,,,,Y,45.05944444,-109.4083333,http://www.recreation.gov,,
343,M K,campground,USFS,,,,N,45.03916667,-109.4266667,http://www.recreation.gov,,
344,MACNAB POND,campground,USFS,,,,N,45.83361111,-104.4313889,http://www.recreation.gov,,
345,PALISADES,campground,USFS,,,,N,45.17333333,-109.3063889,http://www.recreation.gov,,
346,PARKSIDE,campground,USFS,,,,Y,45.06027778,-109.4038889,http://www.recreation.gov,,
347,PICNIC SPRING,campground,USFS,,,,N,45.87361111,-103.4841667,http://www.recreation.gov,,
348,PINE GROVE,campground,USFS,,,,Y,45.27416667,-109.6383333,http://www.recreation.gov,,
349,RATTIN,campground,USFS,,,,Y,45.09027778,-109.32,http://www.recreation.gov,,
350,RED SHALE,campground,USFS,,,,N,45.5725,-106.1477778,http://www.recreation.gov,,
351,REVA GAP,campground,USFS,,,,N,45.52638889,-103.1719444,http://www.recreation.gov,,
352,SAGE CREEK,campground,USFS,,,,Y,45.21583333,-108.5533333,http://www.recreation.gov,,
353,SHERIDAN,campground,USFS,,,,Y,45.10194444,-109.3069444,http://www.recreation.gov,,
354,WICKHAM GULCH,campground,USFS,,,,N,45.58027778,-104.0713889,http://www.recreation.gov,,
355,WOODBINE-C,campground,USFS,,,,Y,45.35222222,-109.8972222,http://www.recreation.gov,,
356,ASHLEY LAKE SOUTH CG,campground,USFS,,,,N,48.2117,-114.5681,http://www.recreation.gov,,
357,BEAVER CREEK CAMPGROUND,campground,USFS,,,,N,47.92394848,-113.3728983,http://www.recreation.gov,,
358,BIG CREEK CAMPGROUND,campground,USFS,,,,Y,48.5998,-114.1621,http://www.recreation.gov,,
359,DEVIL CREEK CAMPGROUND,campground,USFS,,,,Y,48.25152509,-113.4635732,http://www.recreation.gov,,
360,DEVIL'S CORKSCREW CAMPGROUND,campground,USFS,,,,N,48.11022495,-113.6958242,http://www.recreation.gov,,
361,ELK ISLAND CAMPGROUND,campground,USFS,,,,N,48.24088049,-113.7980124,http://www.recreation.gov,,
362,EMERY BAY CAMPGROUND,campground,USFS,,,,Y,48.33444039,-113.9493736,http://www.recreation.gov,,
363,FIRE ISLAND CAMPGROUND,campground,USFS,,,,N,48.29468088,-113.895301,http://www.recreation.gov,,
364,GRAVES CREEK CAMPGROUND,campground,USFS,,,,N,48.13016219,-113.809121,http://www.recreation.gov,,
365,HANDKERCHIEF LAKE CAMPGROUND,campground,USFS,,,,N,48.14159932,-113.8237782,http://www.recreation.gov,,
366,HOLLAND LAKE CAMPGROUND,campground,USFS,,,,Y,47.44641719,-113.6172646,http://www.recreation.gov,,
367,LAKEVIEW CAMPGROUND,campground,USFS,,,,N,48.21859702,-113.8040945,http://www.recreation.gov,,
368,LID CREEK CAMPGROUND,campground,USFS,,,,Y,48.28585876,-113.9082871,http://www.recreation.gov,,
369,LINDBERGH LAKE CAMPGROUND,campground,USFS,,,,N,47.40715283,-113.7210566,http://www.recreation.gov,,
370,LOST JOHNNY CAMPGROUND,campground,USFS,,,,Y,48.306212,-113.9684745,http://www.recreation.gov,,
371,LOST JOHNNY POINT CAMPGROUND,campground,USFS,,,,Y,48.31021453,-113.9626101,http://www.recreation.gov,,
372,MOOSE LAKE CAMPGROUND,campground,USFS,,,,N,48.6287,-114.3904,http://www.recreation.gov,,
373,MURRAY BAY CAMPGROUND,campground,USFS,,,,Y,48.26784945,-113.8130432,http://www.recreation.gov,,
374,PETER'S CREEK CAMPGROUND,campground,USFS,,,,N,48.05755894,-113.6437743,http://www.recreation.gov,,
375,RED MEADOW LAKE CAMPGROUND,campground,USFS,,,,N,48.7541,-114.561,http://www.recreation.gov,,
376,STILLWATER LAKE CAMPGROUND,campground,USFS,,,,N,48.60362498,-114.6555478,http://www.recreation.gov,,
377,SWAN LAKE CAMPGROUND,campground,USFS,,,,Y,47.93715098,-113.8461024,http://www.recreation.gov,,
378,SYLVIA LAKE CAMPGROUND,campground,USFS,,,,N,48.34479776,-114.8181569,http://www.recreation.gov,,
379,TALLY LAKE CAMPGROUND,campground,USFS,,,,Y,48.41345873,-114.5849398,http://www.recreation.gov,,
380,TUCHUCK CAMPGROUND,campground,USFS,,,,N,48.923,-114.5991,http://www.recreation.gov,,
381,ANDERSON CAMP,campground,USFS,,,,N,45.2689,-110.4691,http://www.recreation.gov,,
382,ASPEN,campground,USFS,,,,Y,45.456692,-110.196542,http://www.recreation.gov,,
383,BAKERS HOLE CAMPGROUND,campground,USFS,,,,Y,44.7063,-111.1008,http://www.recreation.gov,,
384,BATTLE RIDGE-C,campground,USFS,,,,N,45.8808311,-110.8801528,http://www.recreation.gov,,
385,BEAR CREEK,campground,USFS,,,,N,45.110037,-110.599646,http://www.recreation.gov,,
386,BEAVER CREEK CAMPGROUND,campground,USFS,,,,Y,44.85599,-111.37406,http://www.recreation.gov,,
387,BIG BEAVER,campground,USFS,,,,N,45.465351,-110.187169,http://www.recreation.gov,,
388,BIG CREEK CAMPGROUND,campground,USFS,,,,N,45.307,-110.92836,http://www.recreation.gov,,
389,CABIN CREEK CAMPGROUND,campground,USFS,,,,Y,44.87166,-111.344,http://www.recreation.gov,,
390,CANYON,campground,USFS,,,,Y,45.18263,-110.886999,http://www.recreation.gov,,
391,CHERRY CREEK CAMPGROUND,campground,USFS,,,,N,44.70966,-111.2639405,http://www.recreation.gov,,
392,CHIEF JOSEPH,campground,USFS,,,,Y,45.01946,-109.873768,http://www.recreation.gov,,
393,CHIPPY PARK,campground,USFS,,,,Y,45.437197,-110.189035,http://www.recreation.gov,,
394,CHISHOLM,campground,USFS,,,,Y,45.47329,-110.9571,http://www.recreation.gov,,
395,COLTER,campground,USFS,,,,Y,45.028153,-109.894191,http://www.recreation.gov,,
396,EAGLE CREEK,campground,USFS,,,,Y,45.04623,-110.67855,http://www.recreation.gov,,
397,EAST BOULDER,campground,USFS,,,,N,45.538372,-110.150004,http://www.recreation.gov,,
398,FAIRY LAKE-C,campground,USFS,,,,N,45.906,-110.9613974,http://www.recreation.gov,,
399,FALLS CREEK,campground,USFS,,,,N,45.490267,-110.218097,http://www.recreation.gov,,
400,GREEK CREEK,campground,USFS,,,,Y,45.380402,-111.18115,http://www.recreation.gov,,
401,HALFMOON,campground,USFS,,,,Y,46.041059,-110.238062,http://www.recreation.gov,,
402,HELLS CANYON,campground,USFS,,,,N,45.362165,-110.214239,http://www.recreation.gov,,
403,HICKS PARK,campground,USFS,,,,Y,45.298069,-110.239207,http://www.recreation.gov,,
404,HOOD CREEK-C,campground,USFS,,,,Y,45.4845,-110.9677,http://www.recreation.gov,,
405,HYALITE BELOW DAM CAMPING,campground,USFS,,,,N,45.4886,-110.9817,http://www.recreation.gov,,
406,LANGOHR-C,campground,USFS,,,,Y,45.5327,-111.0152,http://www.recreation.gov,,
407,MOOSE CREEK FLAT,campground,USFS,,,,N,45.3325,-111.1724,http://www.recreation.gov,,
408,PINE CREEK,campground,USFS,,,,Y,45.49769,-110.52182,http://www.recreation.gov,,
409,RAINBOW POINT CAMPGROUND,campground,USFS,,,,Y,44.77839,-111.177,http://www.recreation.gov,,
410,RED CLIFF-C,campground,USFS,,,,Y,45.1732,-111.241,http://www.recreation.gov,,
411,ROCK CREEK SOUTH,campground,USFS,,,,N,45.2101,-110.04378,http://www.recreation.gov,,
412,SHIELDS RIVER,campground,USFS,,,,N,46.184053,-110.403182,http://www.recreation.gov,,
413,SNOWBANK CAMPGROUND,campground,USFS,,,,Y,45.2892,-110.54875,http://www.recreation.gov,,
414,SODA BUTTE,campground,USFS,,,,Y,45.024202,-109.912006,http://www.recreation.gov,,
415,SPIRE ROCK,campground,USFS,,,,Y,45.4398,-111.19299,http://www.recreation.gov,,
416,SPRING CREEK CAMP AREA,campground,USFS,,,,N,44.7845,-111.27516,http://www.recreation.gov,,
417,SQUAW FLAT CAMPGROUND,campground,USFS,,,,N,45.4413,-111.2065,http://www.recreation.gov,,
418,SWAN CREEK,campground,USFS,,,,Y,45.372,-111.1636,http://www.recreation.gov,,
419,TOM MINER,campground,USFS,,,,Y,45.129398,-111.062534,http://www.recreation.gov,,
420,WEST BOULDER-C,campground,USFS,,,,Y,45.548228,-110.306848,http://www.recreation.gov,,
421,ASPEN GROVE CAMPGROUND,campground,USFS,,,,Y,46.97861111,-112.5313889,http://www.recreation.gov,,
422,COPPER CREEK CAMPGROUND,campground,USFS,,,,Y,47.07833333,-112.6194444,http://www.recreation.gov,,
423,COULTER CAMPGROUND,campground,USFS,,,,N,46.5133,-111.5428,http://www.recreation.gov,,
424,CROMWELL DIXON CAMPGROUND,campground,USFS,,,,Y,46.3326,-112.1855,http://www.recreation.gov,,
425,GIPSY LAKE CAMPGROUND,campground,USFS,,,,N,46.50111111,-111.2119444,http://www.recreation.gov,,
426,KADING CAMPGROUND,campground,USFS,,,,Y,46.42888889,-112.4813889,http://www.recreation.gov,,
427,MOOSE CREEK,campground,USFS,,,,N,46.928889,-112.852222,http://www.recreation.gov,,
428,MOOSE CREEK CAMPGROUND,campground,USFS,,,,Y,46.52611111,-112.2561111,http://www.recreation.gov,,
429,PARK LAKE CAMPGROUND,campground,USFS,,,,Y,46.44277778,-112.1686111,http://www.recreation.gov,,
430,PINE GROVE,campground,USFS,,,,N,47.005278,-112.743889,http://www.recreation.gov,,
431,SKIDWAY CAMPGROUND,campground,USFS,,,,N,46.35416667,-111.0983333,http://www.recreation.gov,,
432,VIGILANTE CAMPGROUND,campground,USFS,,,,Y,46.76694444,-111.6505556,http://www.recreation.gov,,
433,BARRON FLAT DISPERSED SITES,campground,USFS,,,,N,48.51627778,-115.2918639,http://www.recreation.gov,,
434,BIG CREEK,campground,USFS,,,,N,48.76010556,-115.4596278,http://www.recreation.gov,,
435,BIG THERRIAULT LAKE,campground,USFS,,,,Y,48.936,-114.8794444,http://www.recreation.gov,,
436,BUNCHGRASS,campground,USFS,,,,N,48.82194445,-114.8816389,http://www.recreation.gov,,
437,CAMP 32,campground,USFS,,,,N,48.83730556,-115.19025,http://www.recreation.gov,,
438,CARIBOU,campground,USFS,,,,N,48.94897222,-115.5040278,http://www.recreation.gov,,
439,CLARENCE GUARD STATION & MEADOW,campground,USFS,,,,N,48.89052777,-114.7984167,http://www.recreation.gov,,
440,DOUGLAS HILL,campground,USFS,,,,N,48.908664,-115.157728,http://www.recreation.gov,,
441,GATEWAY BOAT CAMP,campground,USFS,,,,N,48.99780556,-115.1650278,http://www.recreation.gov,,
442,GOLD PANNING AREA,campground,USFS,,,,N,48.11533889,-115.548775,http://www.recreation.gov,,
443,GRAVE CREEK,campground,USFS,,,,N,48.82069444,-114.8791667,http://www.recreation.gov,,
444,HELLROARING,campground,USFS,,,,N,48.83816944,-115.97265,http://www.recreation.gov,,
445,HOWARD LAKE,campground,USFS,,,,Y,48.10094444,-115.5306667,http://www.recreation.gov,,
446,KAMLOOPS TERRACE,campground,USFS,,,,Y,48.90211111,-115.1593333,http://www.recreation.gov,,
447,LAKE CREEK,campground,USFS,,,,N,48.03908333,-115.4908333,http://www.recreation.gov,,
448,LITTLE THERRIAULT LAKE,campground,USFS,,,,Y,48.94305556,-114.8918611,http://www.recreation.gov,,
449,LOON LAKE,campground,USFS,,,,N,48.59838889,-115.6719722,http://www.recreation.gov,,
450,MARTEN CREEK,campground,USFS,,,,N,47.88213889,-115.7525833,http://www.recreation.gov,,
451,MC GILLIVRAY,campground,USFS,,,,Y,48.48873889,-115.3001472,http://www.recreation.gov,,
452,MURPHY LAKE,campground,USFS,,,,N,48.73972222,-114.8612222,http://www.recreation.gov,,
453,PETE CREEK,campground,USFS,,,,Y,48.83088889,-115.7667778,http://www.recreation.gov,,
454,RED TOP,campground,USFS,,,,N,48.76091667,-115.9187778,http://www.recreation.gov,,
455,ROCK LAKE,campground,USFS,,,,N,48.8245,-115.0051667,http://www.recreation.gov,,
456,SPAR LAKE,campground,USFS,,,,N,48.26972222,-115.9536111,http://www.recreation.gov,,
457,SWISHER LAKE,campground,USFS,,,,N,48.96897222,-115.1331944,http://www.recreation.gov,,
458,SYLVAN LAKE,campground,USFS,,,,N,47.91694444,-115.2811667,http://www.recreation.gov,,
459,TOBACCO PLAINS DISP. CAMP,campground,USFS,,,,N,48.89301944,-115.1345639,http://www.recreation.gov,,
460,TOBACCO RIVER,campground,USFS,,,,N,48.89666667,-115.1408333,http://www.recreation.gov,,
461,UPPER PINKHAM CREEK,campground,USFS,,,,N,48.73345555,-115.0720556,http://www.recreation.gov,,
462,WARLAND FLAT,campground,USFS,,,,N,48.50231667,-115.2606083,http://www.recreation.gov,,
463,WEASEL CABIN,campground,USFS,,,,N,48.97722223,-114.7400556,http://www.recreation.gov,,
464,WHITETAIL,campground,USFS,,,,Y,48.828,-115.8143889,http://www.recreation.gov,,
465,WILLOW CREEK,campground,USFS,,,,N,47.87116667,-115.3095,http://www.recreation.gov,,
466,WOLVERINE CABIN,campground,USFS,,,,N,48.97113889,-114.9190556,http://www.recreation.gov,,
467,YAAK FALLS,campground,USFS,,,,N,48.64477778,-115.8861111,http://www.recreation.gov,,
468,YAAK RIVER,campground,USFS,,,,Y,48.56108333,-115.9723611,http://www.recreation.gov,,
469,ASPEN CG,campground,USFS,,,,Y,46.99222222,-110.7688889,http://www.recreation.gov,,
470,BASIN CR DISPERSED,campground,USFS,,,,N,46.64086243,-110.4308737,http://www.recreation.gov,,
471,BEAVER CR DISPERSED,campground,USFS,,,,N,47.60473,-112.75355,http://www.recreation.gov,,
472,BENCHMARK CG,campground,USFS,,,,Y,47.48583333,-112.8808333,http://www.recreation.gov,,
473,CAVE MOUNTAIN CG,campground,USFS,,,,Y,47.89138889,-112.7269444,http://www.recreation.gov,,
474,CRYSTAL LAKE CAMPGROUND,campground,USFS,,,,Y,46.79388889,-109.5111111,http://www.recreation.gov,,
475,DAISY DEAN CAMP,campground,USFS,,,,N,46.62277778,-110.3547222,http://www.recreation.gov,,
476,DOUBLE FALLS CG,campground,USFS,,,,N,47.40712692,-112.7218713,http://www.recreation.gov,,
477,DRY FORK DISPERSED,campground,USFS,,,,N,47.066675,-110.726008,http://www.recreation.gov,,
478,DRY POLE CANYON DISPERSED,campground,USFS,,,,N,46.76666667,-110.2833333,http://www.recreation.gov,,
479,DRY WOLF CAMPGROUND,campground,USFS,,,,Y,46.97916667,-110.5186111,http://www.recreation.gov,,
480,ELKO CG,campground,USFS,,,,N,47.92444444,-112.7633333,http://www.recreation.gov,,
481,FOREST LAKE CG,campground,USFS,,,,N,46.24441956,-110.4375271,http://www.recreation.gov,,
482,GRASSHOPPER CG,campground,USFS,,,,Y,46.54361111,-110.7480556,http://www.recreation.gov,,
483,GREEN GULCH DISPERSED CAMP,campground,USFS,,,,N,47.85993557,-112.7571903,http://www.recreation.gov,,
484,HANNAN DISPERSED,campground,USFS,,,,N,47.61923704,-112.7345729,http://www.recreation.gov,,
485,HAY CANYON CG,campground,USFS,,,,N,46.79888889,-110.3002778,http://www.recreation.gov,,
486,HAYMAKER DISPERSED,campground,USFS,,,,N,46.63336964,-110.133774,http://www.recreation.gov,,
487,HOME GULCH CG,campground,USFS,,,,Y,47.61583333,-112.7244444,http://www.recreation.gov,,
488,HUNTER CAMP DISPERSED,campground,USFS,,,,N,46.67919516,-110.4900594,http://www.recreation.gov,,
489,INDIAN HILL CAMPGROUND,campground,USFS,,,,N,46.815,-110.2852778,http://www.recreation.gov,,
490,JELLISON PLACE,campground,USFS,,,,N,46.66568,-110.05524,http://www.recreation.gov,,
491,JUDITH STATION CAMPGROUND,campground,USFS,,,,N,46.84833333,-110.2897222,http://www.recreation.gov,,
492,JUMPING CREEK CG,campground,USFS,,,,Y,46.76388889,-110.7847222,http://www.recreation.gov,,
493,KINGS HILL CG,campground,USFS,,,,Y,46.84222222,-110.6966667,http://www.recreation.gov,,
494,LION CR-LOWER CAMP,campground,USFS,,,,N,46.66603265,-110.5733661,http://www.recreation.gov,,
495,LION CR-UPPER CAMP,campground,USFS,,,,N,46.6756288,-110.5765682,http://www.recreation.gov,,
496,LITTLE SNOWYS CAMP,campground,USFS,,,,N,46.763625,-109.111778,http://www.recreation.gov,,
497,LOGGING CREEK CG,campground,USFS,,,,Y,47.10111111,-111.0088889,http://www.recreation.gov,,
498,MANY PINES CAMPGROUND,campground,USFS,,,,Y,46.89805556,-110.6905556,http://www.recreation.gov,,
499,MILL FALLS CG,campground,USFS,,,,N,47.85888889,-112.7727778,http://www.recreation.gov,,
500,MOOSE CREEK CG,campground,USFS,,,,Y,46.83583333,-110.875,http://www.recreation.gov,,
501,MORTIMER GULCH CG,campground,USFS,,,,Y,47.60972222,-112.7697222,http://www.recreation.gov,,
502,PIERCE PARK DISPERSED,campground,USFS,,,,N,46.67847941,-110.3418962,http://www.recreation.gov,,
503,RICHARDSON CG,campground,USFS,,,,N,46.54083333,-110.7305556,http://www.recreation.gov,,
504,RUSSIAN FLAT CG,campground,USFS,,,,N,46.72773,-110.41081,http://www.recreation.gov,,
505,SAWMILL GULCH DISPERSED,campground,USFS,,,,N,46.884966,-110.3728552,http://www.recreation.gov,,
506,SOUTH FORK CG,campground,USFS,,,,Y,47.50111111,-112.8880556,http://www.recreation.gov,,
507,SPRING COULEE DISPERSED,campground,USFS,,,,N,47.03711601,-110.5128041,http://www.recreation.gov,,
508,SPRING CREEK,campground,USFS,,,,Y,46.58638889,-110.4666667,http://www.recreation.gov,,
509,SUMMIT CG,campground,USFS,,,,Y,48.31888889,-113.3505556,http://www.recreation.gov,,
510,THAIN CREEK CAMPGROUND,campground,USFS,,,,Y,47.47555556,-110.5852778,http://www.recreation.gov,,
511,TIMBER CR DISPERSED,campground,USFS,,,,N,46.72546576,-109.4852212,http://www.recreation.gov,,
512,VANDERIET MEMORIAL PILOTS CG,campground,USFS,,,,N,47.47555556,-112.8663889,http://www.recreation.gov,,
513,WEST FORK CG,campground,USFS,,,,Y,47.96111111,-112.8066667,http://www.recreation.gov,,
514,WHITETAIL CAMP,campground,USFS,,,,N,46.68232898,-110.5027988,http://www.recreation.gov,,
515,WOOD LAKE CG,campground,USFS,,,,Y,47.42777778,-112.7933333,http://www.recreation.gov,,
516,BIG LARCH CG COMPLEX,campground,USFS,,,,Y,47.18234,-113.48843,http://www.recreation.gov,,
517,BIG NELSON CG COMPLEX,campground,USFS,,,,N,47.0727,-112.91704,http://www.recreation.gov,,
518,BITTERROOT FLAT CG,campground,USFS,,,,Y,46.46802,-113.77189,http://www.recreation.gov,,
519,CABIN CITY CG,campground,USFS,,,,Y,47.37219,-115.2566,http://www.recreation.gov,,
520,CASCADE CG/TRHD,campground,USFS,,,,Y,47.3056,-114.82707,http://www.recreation.gov,,
521,CLARK MEMORIAL CG,campground,USFS,,,,Y,47.41802,-114.9739,http://www.recreation.gov,,
522,CLEARWATER CROSSING CG,campground,USFS,,,,N,46.90551,-114.80979,http://www.recreation.gov,,
523,COPPER KING CG,campground,USFS,,,,Y,47.61706,-115.19145,http://www.recreation.gov,,
524,DALLES CG,campground,USFS,,,,Y,46.55521,-113.71392,http://www.recreation.gov,,
525,DIAMOND LAKE CG,campground,USFS,,,,N,47.14927,-115.1816,http://www.recreation.gov,,
526,EARL TENNANT CG,campground,USFS,,,,Y,46.76944444,-114.4027778,http://www.recreation.gov,,
527,FISHTRAP LAKE CG,campground,USFS,,,,N,47.38,-115.25084,http://www.recreation.gov,,
528,GOLD RUSH CG/TRHD,campground,USFS,,,,Y,47.60422,-115.34404,http://www.recreation.gov,,
529,GRIZZLY CG,campground,USFS,,,,Y,46.57583,-113.65936,http://www.recreation.gov,,
530,HARRYS FLAT CG,campground,USFS,,,,Y,46.53,-113.74773,http://www.recreation.gov,,
531,KREIS POND PICNIC,campground,USFS,,,,N,47.10188,-114.42059,http://www.recreation.gov,,
532,LAKE ALVA CG COMPLEX,campground,USFS,,,,Y,47.32478,-113.58208,http://www.recreation.gov,,
533,LAKE INEZ CG COMPLEX,campground,USFS,,,,N,47.29562,-113.5713,http://www.recreation.gov,,
534,LAKESIDE CG (OLD ALVA),campground,USFS,,,,N,47.30277778,-113.6027778,http://www.recreation.gov,,
535,LEE CR CG,campground,USFS,,,,Y,46.70213,-114.5349,http://www.recreation.gov,,
536,LOLO CREEK CG AND PICNIC,campground,USFS,,,,Y,46.76984,-114.3868,http://www.recreation.gov,,
537,MISSOULA LAKE CG,campground,USFS,,,,N,47.06412,-115.11391,http://www.recreation.gov,,
538,MOORE LAKE CG,campground,USFS,,,,N,47.181565,-115.248996,http://www.recreation.gov,,
539,NORTON CG,campground,USFS,,,,Y,46.58885,-113.65605,http://www.recreation.gov,,
540,QUARTZ FLAT CG,campground,USFS,,,,Y,47.07661,-114.77037,http://www.recreation.gov,,
541,RAINY LAKE CG,campground,USFS,,,,N,47.33676,-113.58938,http://www.recreation.gov,,
542,RIVER POINT CG COMPLEX,campground,USFS,,,,Y,47.60734,-115.44092,http://www.recreation.gov,,
543,SEELEY LAKE CG COMPLEX,campground,USFS,,,,Y,47.59042,-114.76529,http://www.recreation.gov,,
544,SIRIA CG,campground,USFS,,,,N,46.42374,-113.71501,http://www.recreation.gov,,
545,SLOWEY CG,campground,USFS,,,,Y,47.5524,-115.50522,http://www.recreation.gov,,
546,TROUT CR CG,campground,USFS,,,,Y,47.11849,-114.86774,http://www.recreation.gov,,
547,W. FK. FISHTRAP CR CG,campground,USFS,,,,N,47.53104,-115.25834,http://www.recreation.gov,,
548,25 MILE CG,campground,USFS,,,,N,46.0732,-115.3752,http://www.recreation.gov,,
549,BIG FOG SADDLE,campground,USFS,,,,N,46.07131,-115.35865,http://www.recreation.gov,,
550,BLUE MOUNTAIN CG,campground,USFS,,,,N,45.3991,-116.39799,http://www.recreation.gov,,
551,BOYD CREEK,campground,USFS,,,,Y,46.0832,-115.44278,http://www.recreation.gov,,
552,BRIDGE CREEK,campground,USFS,,,,N,45.7845,-115.21282,http://www.recreation.gov,,
553,CASTLE CREEK,campground,USFS,,,,Y,45.83164,-115.97243,http://www.recreation.gov,,
554,CCC CAMP,campground,USFS,,,,N,46.0911,-115.5206,http://www.recreation.gov,,
555,CORRAL CREEK CG,campground,USFS,,,,N,45.682,-116.025,http://www.recreation.gov,,
556,CROOKED RIVER,campground,USFS,,,,N,45.7935,-115.531,http://www.recreation.gov,,
557,DITCH CREEK,campground,USFS,,,,N,45.74961,-115.30399,http://www.recreation.gov,,
558,DIXIE MEADOW,campground,USFS,,,,N,45.5191,-115.5154,http://www.recreation.gov,,
559,FISH CREEK CG,campground,USFS,,,,Y,45.8582,-116.07747,http://www.recreation.gov,,
560,FRENCH GULCH,campground,USFS,,,,N,45.7796,-115.3871,http://www.recreation.gov,,
561,GLOVER CREEK,campground,USFS,,,,Y,46.07226,-115.36322,http://www.recreation.gov,,
562,GRANITE SPRINGS,campground,USFS,,,,N,45.75273,-115.10168,http://www.recreation.gov,,
563,HALFWAY HOUSE,campground,USFS,,,,N,45.51211,-115.52486,http://www.recreation.gov,,
564,INDIAN HILL,campground,USFS,,,,N,46.00169,-115.22996,http://www.recreation.gov,,
565,IRON PHONE JUNCTION,campground,USFS,,,,N,45.5396,-116.4127,http://www.recreation.gov,,
566,JOHNSON BAR-C,campground,USFS,,,,Y,46.10821,-115.55733,http://www.recreation.gov,,
567,LEGGETT CREEK,campground,USFS,,,,N,45.826,-115.6299,http://www.recreation.gov,,
568,MACKAY BAR,campground,USFS,,,,N,45.30091,-115.62169,http://www.recreation.gov,,
569,MALLARD CREEK,campground,USFS,,,,N,45.5792,-115.3086,http://www.recreation.gov,,
570,MEADOW CREEK,campground,USFS,,,,N,45.83112,-115.92697,http://www.recreation.gov,,
571,NELSON CREEK CAMPGROUND,campground,USFS,,,,N,45.83164,-115.98214,http://www.recreation.gov,,
572,NORTH FORK SLATE CREEK,campground,USFS,,,,N,45.64258,-116.11388,http://www.recreation.gov,,
573,O'HARA BAR,campground,USFS,,,,Y,46.07982,-115.50744,http://www.recreation.gov,,
574,O'HARA SADDLE,campground,USFS,,,,N,45.9521,-115.5171,http://www.recreation.gov,,
575,OROGRANDE (1-4),campground,USFS,,,,N,45.70742,-115.54844,http://www.recreation.gov,,
576,OROGRANDE SUMMIT,campground,USFS,,,,N,45.63815,-115.60662,http://www.recreation.gov,,
577,OX BOW,campground,USFS,,,,N,45.8564,-115.6181,http://www.recreation.gov,,
578,POET CREEK,campground,USFS,,,,N,45.7228,-115.0344,http://www.recreation.gov,,
579,RACE CREEK,campground,USFS,,,,N,46.04154,-115.28628,http://www.recreation.gov,,
580,RACKLIFF,campground,USFS,,,,Y,46.08685,-115.49156,http://www.recreation.gov,,
581,RAINY DAY,campground,USFS,,,,N,45.7618,-115.7029,http://www.recreation.gov,,
582,RED RIVER,campground,USFS,,,,Y,45.74805,-115.26438,http://www.recreation.gov,,
583,RED RIVER RV DUMP,campground,USFS,,,,N,45.7086,-115.3439,http://www.recreation.gov,,
584,ROCKY BLUFF,campground,USFS,,,,N,45.63737,-116.00952,http://www.recreation.gov,,
585,SAMS CREEK,campground,USFS,,,,N,45.54232,-115.49227,http://www.recreation.gov,,
586,SELWAY FALLS,campground,USFS,,,,Y,46.04674,-115.30392,http://www.recreation.gov,,
587,SING LEE,campground,USFS,,,,N,45.88789,-115.62175,http://www.recreation.gov,,
588,SIX MILE CG,campground,USFS,,,,N,45.7643,-115.6591,http://www.recreation.gov,,
589,SLIDE CREEK CG,campground,USFS,,,,N,46.0849,-115.4527,http://www.recreation.gov,,
590,SLIMS,campground,USFS,,,,N,46.0345,-115.28891,http://www.recreation.gov,,
591,SOUTH FORK,campground,USFS,,,,Y,45.82461,-115.95652,http://www.recreation.gov,,
592,SPRING BAR-C,campground,USFS,,,,Y,45.43112,-116.14257,http://www.recreation.gov,,
593,TABLE MEADOWS,campground,USFS,,,,N,45.93763,-115.5121,http://www.recreation.gov,,
594,TRAPPER CREEK CG,campground,USFS,,,,N,45.6744,-115.3439,http://www.recreation.gov,,
595,TWENTY MILE BAR,campground,USFS,,,,N,46.0733,-115.3767,http://www.recreation.gov,,
596,VAN CREEK,campground,USFS,,,,N,45.4254,-116.12249,http://www.recreation.gov,,
597,WILDHORSE,campground,USFS,,,,N,45.65508,-115.65163,http://www.recreation.gov,,
598,WINDY CAMP,campground,USFS,,,,N,45.5755,-115.9402,http://www.recreation.gov,,
599,WINDY SADDLE,campground,USFS,,,,N,45.883,-115.0423,http://www.recreation.gov,,
600,BENNETT CAMPGROUND,campground,USFS,,,,Y,47.49111111,-103.3480556,http://www.recreation.gov,,
601,BUFFALO GAP,campground,USFS,,,,Y,46.95388889,-103.6744444,http://www.recreation.gov,,
602,BURNING COAL VEIN,campground,USFS,,,,N,46.59722222,-103.4436111,http://www.recreation.gov,,
603,CCC CAMPGROUND,campground,USFS,,,,Y,47.58638889,-103.2758333,http://www.recreation.gov,,
604,ELKHORN CAMPGROUND,campground,USFS,,,,Y,47.22722222,-103.6688889,http://www.recreation.gov,,
605,HANKINSON HILLS,campground,USFS,,,,Y,46.11944444,-96.96722222,http://www.recreation.gov,,
606,MAGPIE CAMPGROUND,campground,USFS,,,,Y,47.30805556,-103.4733333,http://www.recreation.gov,,
607,SATHER LAKE,campground,USFS,,,,Y,47.67333333,-103.8113889,http://www.recreation.gov,,
608,SUMMIT,campground,USFS,,,,N,47.53972222,-103.2416667,http://www.recreation.gov,,
609,WANNAGAN CAMPGROUND,campground,USFS,,,,Y,47.05305556,-103.5877778,http://www.recreation.gov,,
610,Bearpaw Lake,fishing access/campsite,MT FWP,,,17,Y,48.31699333,-109.6577504,http://fwp.mt.gov/fishing/siteDetail.html?id=283551,,
611,Big Pine,fishing access/campsite,MT FWP,,,5,Y,46.98956474,-114.6626048,http://fwp.mt.gov/fishing/siteDetail.html?id=280533,,
612,Bull Springs,fishing access/campsite,MT FWP,,,1,N,45.27849698,-109.2095883,http://fwp.mt.gov/fishing/siteDetail.html?id=283152,,
613,Clearwater Crossing,fishing access/campsite,MT FWP,,,6,Y,47.00106214,-113.3800065,http://fwp.mt.gov/fishing/siteDetail.html?id=561571,,
614,Cole Ponds,fishing access/campsite,MT FWP,,,3,N,48.53904823,-107.4684258,http://fwp.mt.gov/fishing/siteDetail.html?id=283515,,
615,Forks,fishing access/campsite,MT FWP,,,5,N,46.92624603,-114.7014031,http://fwp.mt.gov/fishing/siteDetail.html?id=280692,,
616,Horsethief Station,fishing access/campsite,MT FWP,,,8,N,45.2373964,-109.2317965,http://fwp.mt.gov/fishing/siteDetail.html?id=283190,,
617,Island Lake,fishing access/campsite,MT FWP,,,1,N,48.23289277,-114.9761987,http://fwp.mt.gov/fishing/siteDetail.html?id=2045575,,
618,Lichen Cliff,fishing access/campsite,MT FWP,,,2,Y,46.93877319,-112.1217229,http://fwp.mt.gov/fishing/siteDetail.html?id=282630,,
619,Meadow Lake,fishing access/campsite,MT FWP,,,9,N,45.44336041,-111.7079706,http://fwp.mt.gov/fishing/siteDetail.html?id=281398,,
620,Monture Creek,fishing access/campsite,MT FWP,,,5,Y,47.03647894,-113.2198568,http://fwp.mt.gov/fishing/siteDetail.html?id=280763,,
621,Ninemile Prairie,fishing access/campsite,MT FWP,,,3,Y,46.94439203,-113.5027562,http://fwp.mt.gov/fishing/siteDetail.html?id=280932,,
622,Paradise,fishing access/campsite,MT FWP,,,3,N,45.42045048,-110.6366432,http://fwp.mt.gov/fishing/siteDetail.html?id=281448,,
623,Prickly Pear,fishing access/campsite,MT FWP,,,1,Y,46.92986742,-112.1223416,http://fwp.mt.gov/fishing/siteDetail.html?id=282636,,
624,Raynolds' Pass,fishing access/campsite,MT FWP,,,6,N,44.82870796,-111.4793225,http://fwp.mt.gov/fishing/siteDetail.html?id=281507,,
625,Sunny Brook Springs,fishing access/campsite,MT FWP,,,1,N,45.30887384,-110.89089,http://fwp.mt.gov/fishing/siteDetail.html?id=2971777,,
626,Thibodeau,fishing access/campsite,MT FWP,,,8,Y,46.95251837,-113.6119058,http://fwp.mt.gov/fishing/siteDetail.html?id=-6,,
627,SPOTTED BEAR CAMPGROUND,fishing access/campsite,USFS,,,,Y,47.9256,-113.5275821,http://www.recreation.gov,,
628,FIVE MILE CG,fishing access/campsite,USFS,,,,N,45.72461,-115.54331,http://www.recreation.gov,,
