OBJECTID,NAME,ACQTYPE,WEB_PAGE,BOAT_FAC,CAMPING,HUNTING,HUNT_RESTR,ACQTYPE_DE,PDFMAP,ACQDATE,Lat,Long
993,Ducharme,Fee Title,https://myfwp.mt.gov/fishMT/fas/39753995,Hand Launch,No,NO HUNTING,NO HUNTING,Fee Acquisitions,http://fwp.mt.gov/export/sites/FwpPublic/gisResources/visitMaps/fas/39753995.pdf,1977-12-26T00:00:00.000Z,47.692866,-114.070547
994,Big Bend,Fee Title,https://myfwp.mt.gov/fishMT/fas/39753702,Ramp (Concrete),No,HUNTING ALLOWED,Refer to current hunting regulations for hunting and weapons restrictions.,Fee Acquisitions,http://fwp.mt.gov/export/sites/FwpPublic/gisResources/visitMaps/fas/39753702.pdf,1988-11-22T00:00:00.000Z,47.389838,-111.340161
995,Raynolds' Pass,Fee Title,https://myfwp.mt.gov/fishMT/fas/39753440,Ramp (Gravel),Yes,HUNTING ALLOWED,Refer to current hunting regulations for hunting and weapons restrictions.,Fee Acquisitions,http://fwp.mt.gov/export/sites/FwpPublic/gisResources/visitMaps/fas/39753440.pdf,1969-09-26T00:00:00.000Z,44.828714,-111.479335
996,Bridger,Fee Title,https://myfwp.mt.gov/fishMT/fas/39754495,Ramp (Gravel),No,NO HUNTING,NO HUNTING,Fee Acquisitions,http://fwp.mt.gov/export/sites/FwpPublic/gisResources/visitMaps/fas/39754495.pdf,1998-02-26T00:00:00.000Z,45.296236,-108.900501
997,Island Lake,Fee Title,https://myfwp.mt.gov/fishMT/fas/39754499,No Boat Facilities,Yes,HUNTING ALLOWED,Refer to current hunting regulations for hunting and weapons restrictions.,Fee Acquisitions,http://fwp.mt.gov/export/sites/FwpPublic/gisResources/visitMaps/fas/39754499.pdf,2000-10-04T00:00:00.000Z,48.232899,-114.976212
998,Blacktail Meadows,Fee Title,https://myfwp.mt.gov/fishMT/fas/39754531,No Boat Facilities,No,NO HUNTING,NO HUNTING,Fee Acquisitions,http://fwp.mt.gov/export/sites/FwpPublic/gisResources/visitMaps/fas/39754531.pdf,2002-05-13T00:00:00.000Z,45.223752,-112.637814
999,Reed & Bowles,Fee Title,https://myfwp.mt.gov/fishMT/fas/39754517,No Boat Facilities,No,HUNTING ALLOWED,Refer to current hunting regulations for hunting and weapons restrictions.,Fee Acquisitions,http://fwp.mt.gov/export/sites/FwpPublic/gisResources/visitMaps/fas/39754517.pdf,2001-03-07T00:00:00.000Z,47.09464,-109.465313
1000,Three Dollar Bridge,Fee Title,https://myfwp.mt.gov/fishMT/fas/39754533,No Boat Facilities,No,HUNTING ALLOWED,Refer to current hunting regulations for hunting and weapons restrictions.,Fee Acquisitions,http://fwp.mt.gov/export/sites/FwpPublic/gisResources/visitMaps/fas/39754533.pdf,2002-06-26T00:00:00.000Z,44.831941,-111.514173
1001,WW White Memorial,Lease,https://myfwp.mt.gov/fishMT/fas/39754523,Ramp (Gravel),No,NO HUNTING,NO HUNTING,Land-In(Lease term and specified consideration),http://fwp.mt.gov/export/sites/FwpPublic/gisResources/visitMaps/fas/39754523.pdf,2001-11-20T00:00:00.000Z,45.921336,-114.142028
1002,York's Islands,Fee Title,https://myfwp.mt.gov/fishMT/fas/39753472,Ramp (Concrete),Yes,NO HUNTING,NO HUNTING,Fee Acquisitions,http://fwp.mt.gov/export/sites/FwpPublic/gisResources/visitMaps/fas/39753472.pdf,1982-08-04T00:00:00.000Z,46.266872,-111.493575
1003,Darby Bridge,Fee Title,https://myfwp.mt.gov/fishMT/fas/39754519,Ramp (Concrete),No,NO HUNTING,NO HUNTING,Fee Acquisitions,http://fwp.mt.gov/export/sites/FwpPublic/gisResources/visitMaps/fas/39754519.pdf,2001-06-28T00:00:00.000Z,46.014564,-114.163924
1004,Piedmont Pond,Fee Title,https://myfwp.mt.gov/fishMT/fas/39754605,No Boat Facilities,Yes,HUNTING ALLOWED,Refer to current hunting regulations for hunting and weapons restrictions.,Fee Acquisitions,http://fwp.mt.gov/export/sites/FwpPublic/gisResources/visitMaps/fas/39754605.pdf,2005-08-22T00:00:00.000Z,45.843689,-112.115206
1005,Holmgren Ranch,Fee Title,https://myfwp.mt.gov/fishMT/fas/39754257,Ramp (Concrete),Yes,HUNTING ALLOWED,Refer to current hunting regulations for hunting and weapons restrictions.,Fee Acquisitions,http://fwp.mt.gov/export/sites/FwpPublic/gisResources/visitMaps/fas/39754257.pdf,2008-09-17T00:00:00.000Z,45.6633,-109.348336
1006,Alkali Creek,Fee Title,https://myfwp.mt.gov/fishMT/fas/39754259,No Boat Facilities,Yes,NO HUNTING,NO HUNTING,Fee Acquisitions,http://fwp.mt.gov/export/sites/FwpPublic/gisResources/visitMaps/fas/39754259.pdf,2008-07-25T00:00:00.000Z,48.343075,-107.948225
1007,Amelia Island,Fee Title,https://myfwp.mt.gov/fishMT/fas/39754670,No Boat Facilities,Yes,HUNTING ALLOWED,Refer to current hunting regulations for hunting and weapons restrictions.,Fee Acquisitions,http://fwp.mt.gov/export/sites/FwpPublic/gisResources/visitMaps/fas/39754670.pdf,2008-08-01T00:00:00.000Z,46.313341,-107.239209
1008,Jeffrey's Landing,Fee Title,https://myfwp.mt.gov/fishMT/fas/39754648,No Boat Facilities,Yes,NO HUNTING,NO HUNTING,Fee Acquisitions,http://fwp.mt.gov/export/sites/FwpPublic/gisResources/visitMaps/fas/39754648.pdf,2008-07-30T00:00:00.000Z,45.537536,-109.419002
1009,Seven Sisters,Fee Title,https://myfwp.mt.gov/fishMT/fas/39754581,Hand Launch,Yes,HUNTING ALLOWED,Refer to current hunting regulations for hunting and weapons restrictions.,Fee Acquisitions,http://fwp.mt.gov/export/sites/FwpPublic/gisResources/visitMaps/fas/39754581.pdf,1981-10-07T00:00:00.000Z,47.573804,-104.22278
1010,Grant Marsh,Fee Title,https://myfwp.mt.gov/fishMT/fas/39754577,Ramp (Concrete),Yes,HUNTING ALLOWED,Refer to current hunting regulations for hunting and weapons restrictions.,Fee Acquisitions,http://fwp.mt.gov/export/sites/FwpPublic/gisResources/visitMaps/fas/39754577.pdf,1978-06-05T00:00:00.000Z,45.844256,-107.590985
1011,Elk Island,Fee Title,https://myfwp.mt.gov/fishMT/fas/39754638,Hand Launch,No,HUNTING ALLOWED,Refer to current hunting regulations for hunting and weapons restrictions.,Fee Acquisitions,http://fwp.mt.gov/export/sites/FwpPublic/gisResources/visitMaps/fas/39754638.pdf,2008-12-02T00:00:00.000Z,47.475883,-104.301284
1012,Natural Pier,Easement,https://myfwp.mt.gov/fishMT/fas/39754127,No Boat Facilities,No,NO HUNTING,NO HUNTING,Land-In(Easement right in anothers land),http://fwp.mt.gov/export/sites/FwpPublic/gisResources/visitMaps/fas/39754127.pdf,2000-08-11T00:00:00.000Z,47.015042,-114.50672
1013,Sha-Ron,Fee Title,https://myfwp.mt.gov/fishMT/fas/39754199,Ramp (Gravel),No,NO HUNTING,NO HUNTING,Fee Acquisitions,http://fwp.mt.gov/export/sites/FwpPublic/gisResources/visitMaps/fas/39754199.pdf,1977-12-28T00:00:00.000Z,46.881364,-113.934663
1014,Marco Flats,Easement,https://myfwp.mt.gov/fishMT/fas/39754175,Hand Launch,No,NO HUNTING,NO HUNTING,Land-In(Easement right in anothers land),http://fwp.mt.gov/export/sites/FwpPublic/gisResources/visitMaps/fas/39754175.pdf,1996-03-08T00:00:00.000Z,46.889693,-113.82974
1015,Turah,Fee Title,https://myfwp.mt.gov/fishMT/fas/39754207,Ramp (Gravel),No,NO HUNTING,NO HUNTING,Fee Acquisitions,http://fwp.mt.gov/export/sites/FwpPublic/gisResources/visitMaps/fas/39754207.pdf,1968-02-27T00:00:00.000Z,46.822168,-113.808219
1016,Schwartz Creek,Fee Title,https://myfwp.mt.gov/fishMT/fas/39754197,Ramp (Gravel),No,NO HUNTING,NO HUNTING,Fee Acquisitions,http://fwp.mt.gov/export/sites/FwpPublic/gisResources/visitMaps/fas/39754197.pdf,1979-03-27T00:00:00.000Z,46.75195,-113.718453
1017,Beavertail Pond,Fee Title,https://myfwp.mt.gov/fishMT/fas/39754167,Ramp (Gravel),No,NO HUNTING,NO HUNTING,Fee Acquisitions,http://fwp.mt.gov/export/sites/FwpPublic/gisResources/visitMaps/fas/39754167.pdf,1988-07-26T00:00:00.000Z,46.729189,-113.578376
1018,Meadow Lake,Fee Title,https://myfwp.mt.gov/fishMT/fas/39753410,No Boat Facilities,Yes,NO HUNTING,NO HUNTING,Fee Acquisitions,http://fwp.mt.gov/export/sites/FwpPublic/gisResources/visitMaps/fas/39753410.pdf,1956-09-13T00:00:00.000Z,45.443367,-111.707983
1019,Lyons Bridge,Special Management Agreement,https://myfwp.mt.gov/fishMT/fas/39753518,Ramp (Concrete),No,NO HUNTING,NO HUNTING,Special Management Agreements,http://fwp.mt.gov/export/sites/FwpPublic/gisResources/visitMaps/fas/39753518.pdf,2015-06-03T00:00:00.000Z,44.899102,-111.592598
1020,Cardwell Bridge,Fee Title,https://myfwp.mt.gov/fishMT/fas/39753432,Ramp (Gravel),No,NO HUNTING,NO HUNTING,Fee Acquisitions,http://fwp.mt.gov/export/sites/FwpPublic/gisResources/visitMaps/fas/39753432.pdf,1964-01-08T00:00:00.000Z,45.853842,-111.950935
1021,Harrison Lake,Fee Title,https://myfwp.mt.gov/fishMT/fas/39753406,Ramp (Concrete),Yes,HUNTING ALLOWED,Refer to current hunting regulations for hunting and weapons restrictions.,Fee Acquisitions,http://fwp.mt.gov/export/sites/FwpPublic/gisResources/visitMaps/fas/39753406.pdf,1961-08-16T00:00:00.000Z,45.699426,-111.707992
1022,Sappington Bridge,Lease,https://myfwp.mt.gov/fishMT/fas/39753444,Ramp (Gravel),No,NO HUNTING,NO HUNTING,Land-In(Lease term and specified consideration),http://fwp.mt.gov/export/sites/FwpPublic/gisResources/visitMaps/fas/39753444.pdf,2014-02-11T00:00:00.000Z,45.804012,-111.751286
1023,Williams' Bridge,Fee Title,https://myfwp.mt.gov/fishMT/fas/39753458,Ramp (Gravel),No,NO HUNTING,NO HUNTING,Fee Acquisitions,http://fwp.mt.gov/export/sites/FwpPublic/gisResources/visitMaps/fas/39753458.pdf,1961-12-27T00:00:00.000Z,45.802144,-111.69599
1024,Drouillard,Fee Title,https://myfwp.mt.gov/fishMT/fas/39753526,Ramp (Gravel),No,HUNTING ALLOWED,Refer to current hunting regulations for hunting and weapons restrictions.,Fee Acquisitions,http://fwp.mt.gov/export/sites/FwpPublic/gisResources/visitMaps/fas/39753526.pdf,1977-01-24T00:00:00.000Z,45.897643,-111.594028
1025,Blackbird,Easement,https://myfwp.mt.gov/fishMT/fas/39753500,No Boat Facilities,No,HUNTING ALLOWED,Refer to current hunting regulations for hunting and weapons restrictions.,Land-In(Easement right in anothers land),http://fwp.mt.gov/export/sites/FwpPublic/gisResources/visitMaps/fas/39753500.pdf,2000-08-11T00:00:00.000Z,45.901386,-111.526911
1026,Black's Ford,Fee Title,https://myfwp.mt.gov/fishMT/fas/39753502,Ramp (Concrete),No,NO HUNTING,NO HUNTING,Fee Acquisitions,http://fwp.mt.gov/export/sites/FwpPublic/gisResources/visitMaps/fas/39753502.pdf,2004-12-21T00:00:00.000Z,45.646387,-111.522484
1027,Axtell Bridge,Fee Title,https://myfwp.mt.gov/fishMT/fas/39753492,Hand Launch,No,NO HUNTING,NO HUNTING,Fee Acquisitions,http://fwp.mt.gov/export/sites/FwpPublic/gisResources/visitMaps/fas/39753492.pdf,1975-10-24T00:00:00.000Z,45.6234,-111.204874
1028,Shed's Bridge,Fee Title,https://myfwp.mt.gov/fishMT/fas/39753446,No Boat Facilities,No,NO HUNTING,NO HUNTING,Fee Acquisitions,http://fwp.mt.gov/export/sites/FwpPublic/gisResources/visitMaps/fas/39753446.pdf,1985-04-03T00:00:00.000Z,45.673782,-111.209207
1029,Erwin Bridge,Fee Title,https://myfwp.mt.gov/fishMT/fas/39753536,No Boat Facilities,No,HUNTING ALLOWED,Refer to current hunting regulations for hunting and weapons restrictions.,Fee Acquisitions,http://fwp.mt.gov/export/sites/FwpPublic/gisResources/visitMaps/fas/39753536.pdf,1986-03-22T00:00:00.000Z,45.769223,-111.239054
1030,Medicine River,Fee Title,https://myfwp.mt.gov/fishMT/fas/39753680,Hand Launch,No,HUNTING ALLOWED,Refer to current hunting regulations for hunting and weapons restrictions.,Fee Acquisitions,http://fwp.mt.gov/export/sites/FwpPublic/gisResources/visitMaps/fas/39753680.pdf,1996-03-01T00:00:00.000Z,47.532591,-111.716278
1031,Swan River,Fee Title,https://myfwp.mt.gov/fishMT/fas/39753977,Hand Launch,No,NO HUNTING,NO HUNTING,Fee Acquisitions,http://fwp.mt.gov/export/sites/FwpPublic/gisResources/visitMaps/fas/39753977.pdf,1979-12-18T00:00:00.000Z,48.041859,-113.978474
1032,Loon Lake/Ferndale,Fee Title,https://myfwp.mt.gov/fishMT/fas/39753981,Ramp (Gravel),No,HUNTING ALLOWED,Refer to current hunting regulations for hunting and weapons restrictions.,Fee Acquisitions,http://fwp.mt.gov/export/sites/FwpPublic/gisResources/visitMaps/fas/39753981.pdf,1959-07-27T00:00:00.000Z,48.026238,-113.990985
1033,Glen,Fee Title,https://myfwp.mt.gov/fishMT/fas/39753546,Ramp (Concrete),Yes,NO HUNTING,NO HUNTING,Fee Acquisitions,http://fwp.mt.gov/export/sites/FwpPublic/gisResources/visitMaps/fas/39753546.pdf,1965-07-14T00:00:00.000Z,45.466666,-112.669072
1034,Notch Bottom,Fee Title,https://myfwp.mt.gov/fishMT/fas/39753572,Ramp (Gravel),Yes,NO HUNTING,NO HUNTING,Fee Acquisitions,http://fwp.mt.gov/export/sites/FwpPublic/gisResources/visitMaps/fas/39753572.pdf,1986-10-09T00:00:00.000Z,45.436518,-112.566471
1035,Duck Creek Bridge,Fee Title,https://myfwp.mt.gov/fishMT/fas/39754471,Ramp (Concrete),No,HUNTING ALLOWED,Refer to current hunting regulations for hunting and weapons restrictions.,Fee Acquisitions,http://fwp.mt.gov/export/sites/FwpPublic/gisResources/visitMaps/fas/39754471.pdf,1999-07-15T00:00:00.000Z,45.686965,-108.642263
1036,Lichen Cliff,Lease,https://myfwp.mt.gov/fishMT/fas/39753710,Hand Launch,Yes,NO HUNTING,NO HUNTING,Land-In(Lease term and specified consideration),http://fwp.mt.gov/export/sites/FwpPublic/gisResources/visitMaps/fas/39753710.pdf,1996-08-09T00:00:00.000Z,46.93878,-112.121736
1037,Beaver Lake,Lease,https://myfwp.mt.gov/fishMT/fas/39753975,Ramp (Concrete),No,NO HUNTING,NO HUNTING,Land-In(Lease term and specified consideration),http://fwp.mt.gov/export/sites/FwpPublic/gisResources/visitMaps/fas/39753975.pdf,2018-03-23T00:00:00.000Z,48.431098,-114.421249
1038,White Bear,Fee Title,https://myfwp.mt.gov/fishMT/fas/39753756,No Boat Facilities,No,HUNTING ALLOWED,Refer to current hunting regulations for hunting and weapons restrictions.,Fee Acquisitions,http://fwp.mt.gov/export/sites/FwpPublic/gisResources/visitMaps/fas/39753756.pdf,1981-12-24T00:00:00.000Z,47.434149,-111.291753
1039,Bearmouth,Fee Title,https://myfwp.mt.gov/fishMT/fas/39754133,No Boat Facilities,Yes,NO HUNTING,NO HUNTING,Fee Acquisitions,http://fwp.mt.gov/export/sites/FwpPublic/gisResources/visitMaps/fas/39754133.pdf,2006-11-21T00:00:00.000Z,46.700111,-113.431959
1040,River Junction,Fee Title,https://myfwp.mt.gov/fishMT/fas/39754125,Ramp (Gravel),Yes,HUNTING ALLOWED,Refer to current hunting regulations for hunting and weapons restrictions.,Fee Acquisitions,http://fwp.mt.gov/export/sites/FwpPublic/gisResources/visitMaps/fas/39754125.pdf,1965-08-31T00:00:00.000Z,46.985742,-113.136379
1041,Harry Morgan,Fee Title,https://myfwp.mt.gov/fishMT/fas/39754161,Ramp (Gravel),Yes,NO HUNTING,NO HUNTING,Fee Acquisitions,http://fwp.mt.gov/export/sites/FwpPublic/gisResources/visitMaps/fas/39754161.pdf,1965-08-31T00:00:00.000Z,46.980957,-113.097329
1042,Brown's Lake,Fee Title,https://myfwp.mt.gov/fishMT/fas/39754193,Ramp (Concrete),Yes,NO HUNTING,NO HUNTING,Fee Acquisitions,http://fwp.mt.gov/export/sites/FwpPublic/gisResources/visitMaps/fas/39754193.pdf,1979-10-05T00:00:00.000Z,46.945749,-113.010862
1043,Cedar Meadow,Fee Title,https://myfwp.mt.gov/fishMT/fas/39754157,Ramp (Primitive),No,NO HUNTING,NO HUNTING,Fee Acquisitions,http://fwp.mt.gov/export/sites/FwpPublic/gisResources/visitMaps/fas/39754157.pdf,1964-08-25T00:00:00.000Z,46.897359,-113.059462
1044,Ninemile Prairie,Fee Title,https://myfwp.mt.gov/fishMT/fas/39754245,No Boat Facilities,Yes,NO HUNTING,NO HUNTING,Fee Acquisitions,http://fwp.mt.gov/export/sites/FwpPublic/gisResources/visitMaps/fas/39754245.pdf,1973-07-11T00:00:00.000Z,46.944399,-113.502769
1045,Corrick's River Bend,Fee Title,https://myfwp.mt.gov/fishMT/fas/39754247,Ramp (Gravel),Yes,NO HUNTING,NO HUNTING,Fee Acquisitions,http://fwp.mt.gov/export/sites/FwpPublic/gisResources/visitMaps/fas/39754247.pdf,1992-12-14T00:00:00.000Z,46.951382,-113.538514
1046,Scotty Brown Bridge,Fee Title,https://myfwp.mt.gov/fishMT/fas/39754652,Hand Launch,Yes,NO HUNTING,NO HUNTING,Fee Acquisitions,http://fwp.mt.gov/export/sites/FwpPublic/gisResources/visitMaps/fas/39754652.pdf,2008-03-21T00:00:00.000Z,47.018389,-113.240229
1047,Big Pine,Easement,https://myfwp.mt.gov/fishMT/fas/39754101,No Boat Facilities,Yes,NO HUNTING,NO HUNTING,Land-In(Easement right in anothers land),http://fwp.mt.gov/export/sites/FwpPublic/gisResources/visitMaps/fas/39754101.pdf,1967-05-16T00:00:00.000Z,46.989571,-114.662618
1048,Petty Creek,Fee Title,https://myfwp.mt.gov/fishMT/fas/39754185,Ramp (Concrete),No,NO HUNTING,NO HUNTING,Fee Acquisitions,http://fwp.mt.gov/export/sites/FwpPublic/gisResources/visitMaps/fas/39754185.pdf,1974-09-23T00:00:00.000Z,46.991127,-114.445406
1049,Chief Looking Glass,Easement,https://myfwp.mt.gov/fishMT/fas/39754131,Hand Launch,Yes,NO HUNTING,NO HUNTING,Land-In(Easement right in anothers land),http://fwp.mt.gov/export/sites/FwpPublic/gisResources/visitMaps/fas/39754131.pdf,1967-05-16T00:00:00.000Z,46.661659,-114.053561
1050,Florence Bridge,Fee Title,https://myfwp.mt.gov/fishMT/fas/39754145,Ramp (Gravel),No,NO HUNTING,NO HUNTING,Fee Acquisitions,http://fwp.mt.gov/export/sites/FwpPublic/gisResources/visitMaps/fas/39754145.pdf,1996-03-01T00:00:00.000Z,46.632117,-114.05155
1051,Poker Joe,Fee Title,https://myfwp.mt.gov/fishMT/fas/39754187,Ramp (unspecified),No,HUNTING ALLOWED,Refer to current hunting regulations for hunting and weapons restrictions.,Fee Acquisitions,http://fwp.mt.gov/export/sites/FwpPublic/gisResources/visitMaps/fas/39754187.pdf,1973-07-31T00:00:00.000Z,46.586023,-114.068306
1052,Nilan Reservoir,Lease,https://myfwp.mt.gov/fishMT/fas/39753690,Ramp (Concrete),Yes,HUNTING ALLOWED,Refer to current hunting regulations for hunting and weapons restrictions.,Land-In(Lease term and specified consideration),http://fwp.mt.gov/export/sites/FwpPublic/gisResources/visitMaps/fas/39753690.pdf,2016-02-17T00:00:00.000Z,47.472915,-112.519765
1053,Wolf Creek Bridge,Lease,https://myfwp.mt.gov/fishMT/fas/39753728,Ramp (Concrete),Yes,NO HUNTING,NO HUNTING,Land-In(Lease term and specified consideration),http://fwp.mt.gov/export/sites/FwpPublic/gisResources/visitMaps/fas/39753728.pdf,1996-08-09T00:00:00.000Z,47.019833,-112.011123
1054,Prickly Pear,Lease,https://myfwp.mt.gov/fishMT/fas/39753714,No Boat Facilities,Yes,NO HUNTING,NO HUNTING,Land-In(Lease term and specified consideration),http://fwp.mt.gov/export/sites/FwpPublic/gisResources/visitMaps/fas/39753714.pdf,1996-08-09T00:00:00.000Z,46.929874,-112.122354
1055,George Grant Memorial,Fee Title,https://myfwp.mt.gov/fishMT/fas/39753524,Ramp (Concrete),No,NO HUNTING,NO HUNTING,Fee Acquisitions,http://fwp.mt.gov/export/sites/FwpPublic/gisResources/visitMaps/fas/39753524.pdf,1986-03-18T00:00:00.000Z,45.777703,-112.848276
1056,Kalsta Bridge,Fee Title,https://myfwp.mt.gov/fishMT/fas/39753558,No Boat Facilities,No,NO HUNTING,NO HUNTING,Fee Acquisitions,http://fwp.mt.gov/export/sites/FwpPublic/gisResources/visitMaps/fas/39753558.pdf,1985-11-12T00:00:00.000Z,45.525768,-112.702576
1057,Brownes Bridge,Fee Title,https://myfwp.mt.gov/fishMT/fas/39753504,Ramp (Gravel),Yes,NO HUNTING,NO HUNTING,Fee Acquisitions,http://fwp.mt.gov/export/sites/FwpPublic/gisResources/visitMaps/fas/39753504.pdf,1985-11-12T00:00:00.000Z,45.546717,-112.692317
1058,Salmon Fly,Fee Title,https://myfwp.mt.gov/fishMT/fas/39753438,Ramp (Concrete),Yes,NO HUNTING,NO HUNTING,Fee Acquisitions,http://fwp.mt.gov/export/sites/FwpPublic/gisResources/visitMaps/fas/39753438.pdf,1985-11-01T00:00:00.000Z,45.624396,-112.688062
1059,Parrot Castle,Fee Title,https://myfwp.mt.gov/fishMT/fas/39753428,No Boat Facilities,No,HUNTING ALLOWED,Refer to current hunting regulations for hunting and weapons restrictions.,Fee Acquisitions,http://fwp.mt.gov/export/sites/FwpPublic/gisResources/visitMaps/fas/39753428.pdf,1964-01-08T00:00:00.000Z,45.812391,-112.118482
1060,Kountz Bridge,Fee Title,https://myfwp.mt.gov/fishMT/fas/39753562,Ramp (Concrete),No,HUNTING ALLOWED,Refer to current hunting regulations for hunting and weapons restrictions.,Fee Acquisitions,http://fwp.mt.gov/export/sites/FwpPublic/gisResources/visitMaps/fas/39753562.pdf,1988-04-01T00:00:00.000Z,45.843554,-112.063249
1061,Flatiron Ridge,Easement,https://myfwp.mt.gov/fishMT/fas/39753985,Ramp (Concrete),No,NO HUNTING,NO HUNTING,Land-In(Easement right in anothers land),http://fwp.mt.gov/export/sites/FwpPublic/gisResources/visitMaps/fas/39753985.pdf,1964-04-23T00:00:00.000Z,47.628903,-115.4061
1062,Craig,Fee Title,https://myfwp.mt.gov/fishMT/fas/39753704,Ramp (Concrete),Yes,NO HUNTING,NO HUNTING,Fee Acquisitions,http://fwp.mt.gov/export/sites/FwpPublic/gisResources/visitMaps/fas/39753704.pdf,1978-08-02T00:00:00.000Z,47.072564,-111.963049
1063,Stickney Creek,Fee Title,https://myfwp.mt.gov/fishMT/fas/39753722,Ramp (Concrete),Yes,NO HUNTING,NO HUNTING,Fee Acquisitions,http://fwp.mt.gov/export/sites/FwpPublic/gisResources/visitMaps/fas/39753722.pdf,1996-07-01T00:00:00.000Z,47.116256,-111.945773
1064,Prewett Creek,Fee Title,https://myfwp.mt.gov/fishMT/fas/39753750,Ramp (Concrete),Yes,NO HUNTING,NO HUNTING,Fee Acquisitions,http://fwp.mt.gov/export/sites/FwpPublic/gisResources/visitMaps/fas/39753750.pdf,1969-10-31T00:00:00.000Z,47.171292,-111.827051
1065,Pelican Point,Fee Title,https://myfwp.mt.gov/fishMT/fas/39753672,Ramp (Concrete),Yes,HUNTING ALLOWED,Refer to current hunting regulations for hunting and weapons restrictions.,Fee Acquisitions,http://fwp.mt.gov/export/sites/FwpPublic/gisResources/visitMaps/fas/39753672.pdf,1984-12-27T00:00:00.000Z,47.200943,-111.7795
1066,Lazy KB,Fee Title,https://myfwp.mt.gov/fishMT/fas/39754515,No Boat Facilities,No,NO HUNTING,NO HUNTING,Fee Acquisitions,http://fwp.mt.gov/export/sites/FwpPublic/gisResources/visitMaps/fas/39754515.pdf,2001-03-22T00:00:00.000Z,47.07391,-109.427296
1067,School Trust,Lease,https://myfwp.mt.gov/fishMT/fas/39754541,Ramp (Gravel),No,HUNTING ALLOWED,Refer to current hunting regulations for hunting and weapons restrictions.,Land-In(Lease term and specified consideration),http://fwp.mt.gov/export/sites/FwpPublic/gisResources/visitMaps/fas/39754541.pdf,2013-03-05T00:00:00.000Z,48.048549,-106.364092
1068,Crystal Cross,Lease,https://myfwp.mt.gov/fishMT/fas/39754493,Hand Launch,No,HUNTING ALLOWED,Refer to current hunting regulations for hunting and weapons restrictions.,Land-In(Lease term and specified consideration),http://fwp.mt.gov/export/sites/FwpPublic/gisResources/visitMaps/fas/39754493.pdf,2000-10-19T00:00:00.000Z,45.202249,-110.899838
1069,Forest Cooper,Fee Title,https://myfwp.mt.gov/fishMT/fas/39754521,No Boat Facilities,Yes,NO HUNTING,NO HUNTING,Fee Acquisitions,http://fwp.mt.gov/export/sites/FwpPublic/gisResources/visitMaps/fas/39754521.pdf,2000-12-29T00:00:00.000Z,45.969018,-114.140806
1070,Corrals,Lease,https://myfwp.mt.gov/fishMT/fas/39753520,No Boat Facilities,No,NO HUNTING,NO HUNTING,Land-In(Lease term and specified consideration),http://fwp.mt.gov/export/sites/FwpPublic/gisResources/visitMaps/fas/39753520.pdf,2014-02-11T00:00:00.000Z,45.114234,-112.753608
1071,Grasshopper,Lease,https://myfwp.mt.gov/fishMT/fas/39754489,Ramp (Concrete),No,NO HUNTING,NO HUNTING,Land-In(Lease term and specified consideration),http://fwp.mt.gov/export/sites/FwpPublic/gisResources/visitMaps/fas/39754489.pdf,2000-11-09T00:00:00.000Z,45.100083,-112.777576
1072,Fort Peck Dredge Cut Pond,Easement,https://myfwp.mt.gov/fishMT/fas/39754323,Ramp (Concrete),No,HUNTING ALLOWED,Refer to current hunting regulations for hunting and weapons restrictions.,Land-In(Easement right in anothers land),http://fwp.mt.gov/export/sites/FwpPublic/gisResources/visitMaps/fas/39754323.pdf,1967-12-14T00:00:00.000Z,48.055536,-106.441781
1073,Deep Creek,Fee Title,https://myfwp.mt.gov/fishMT/fas/39754571,Ramp (Gravel),No,NO HUNTING,NO HUNTING,Fee Acquisitions,http://fwp.mt.gov/export/sites/FwpPublic/gisResources/visitMaps/fas/39754571.pdf,1987-07-07T00:00:00.000Z,46.92974,-114.210713
1074,Cottonwood Grove,Fee Title,https://myfwp.mt.gov/fishMT/fas/39754718,No Boat Facilities,No,NO HUNTING,NO HUNTING,Fee Acquisitions,http://fwp.mt.gov/export/sites/FwpPublic/gisResources/visitMaps/fas/39754718.pdf,2010-02-01T00:00:00.000Z,47.420621,-111.380708
1075,Bailey Reservoir,Fee Title,https://myfwp.mt.gov/fishMT/fas/39754692,No Boat Facilities,Yes,NO HUNTING,NO HUNTING,Fee Acquisitions,http://fwp.mt.gov/export/sites/FwpPublic/gisResources/visitMaps/fas/39754692.pdf,2012-08-29T00:00:00.000Z,48.474781,-110.114379
1076,Fallon Bridge,Lease,https://myfwp.mt.gov/fishMT/fas/39754383,Ramp (Concrete),Yes,HUNTING ALLOWED,Refer to current hunting regulations for hunting and weapons restrictions.,Land-In(Lease term and specified consideration),http://fwp.mt.gov/export/sites/FwpPublic/gisResources/visitMaps/fas/39754383.pdf,2016-11-01T00:00:00.000Z,46.856754,-105.113617
1077,Myers Bridge,Lease,https://myfwp.mt.gov/fishMT/fas/39754391,Ramp (Concrete),Yes,HUNTING ALLOWED,Refer to current hunting regulations for hunting and weapons restrictions.,Land-In(Lease term and specified consideration),http://fwp.mt.gov/export/sites/FwpPublic/gisResources/visitMaps/fas/39754391.pdf,1986-08-06T00:00:00.000Z,46.254443,-107.342056
1078,Broadus Bridge,Lease,https://myfwp.mt.gov/fishMT/fas/39754399,No Boat Facilities,No,NO HUNTING,NO HUNTING,Land-In(Lease term and specified consideration),http://fwp.mt.gov/export/sites/FwpPublic/gisResources/visitMaps/fas/39754399.pdf,2014-02-11T00:00:00.000Z,45.427974,-105.403296
1079,Hatchery,Fee Title,https://myfwp.mt.gov/fishMT/fas/39754682,No Boat Facilities,No,NO HUNTING,NO HUNTING,Fee Acquisitions,http://fwp.mt.gov/export/sites/FwpPublic/gisResources/visitMaps/fas/39754682.pdf,2013-12-17T00:00:00.000Z,47.007656,-109.350751
1080,Causeway,Fee Title,https://myfwp.mt.gov/fishMT/fas/39753442,No Boat Facilities,No,NO HUNTING,NO HUNTING,Fee Acquisitions,http://fwp.mt.gov/export/sites/FwpPublic/gisResources/visitMaps/fas/39753442.pdf,1975-04-01T00:00:00.000Z,46.702437,-111.900909
1081,South Hills,Fee Title,https://myfwp.mt.gov/fishMT/fas/39753814,No Boat Facilities,No,NO HUNTING,NO HUNTING,Fee Acquisitions,http://fwp.mt.gov/export/sites/FwpPublic/gisResources/visitMaps/fas/39753814.pdf,1992-10-05T00:00:00.000Z,45.74305,-108.509769
1082,Dearborn,Fee Title,https://myfwp.mt.gov/fishMT/fas/39753706,Hand Launch,Yes,NO HUNTING,NO HUNTING,Fee Acquisitions,http://fwp.mt.gov/export/sites/FwpPublic/gisResources/visitMaps/fas/39753706.pdf,1996-03-01T00:00:00.000Z,47.125855,-111.907366
1083,Bundy Bridge,Special Management Agreement,https://myfwp.mt.gov/fishMT/fas/39754662,No Boat Facilities,Yes,HUNTING ALLOWED,Refer to current hunting regulations for hunting and weapons restrictions.,Special Management Agreements,http://fwp.mt.gov/export/sites/FwpPublic/gisResources/visitMaps/fas/39754662.pdf,2016-06-14T00:00:00.000Z,45.995506,-108.011819
1084,Woods Bay,Fee Title,https://myfwp.mt.gov/fishMT/fas/39754037,"Ramp (Concrete), Dock",No,NO HUNTING,NO HUNTING,Fee Acquisitions,http://fwp.mt.gov/export/sites/FwpPublic/gisResources/visitMaps/fas/39754037.pdf,1959-06-11T00:00:00.000Z,48.000546,-114.063288
1085,Fishtrap Creek,Fee Title,https://myfwp.mt.gov/fishMT/fas/39753538,Ramp (Concrete),Yes,NO HUNTING,NO HUNTING,Fee Acquisitions,http://fwp.mt.gov/export/sites/FwpPublic/gisResources/visitMaps/fas/39753538.pdf,1969-10-28T00:00:00.000Z,45.870663,-113.22434
1086,Eight Mile Ford,Fee Title,https://myfwp.mt.gov/fishMT/fas/39753528,Ramp (Gravel),No,NO HUNTING,NO HUNTING,Fee Acquisitions,http://fwp.mt.gov/export/sites/FwpPublic/gisResources/visitMaps/fas/39753528.pdf,1957-08-20T00:00:00.000Z,45.299987,-111.754062
1087,Devils Kitchen,Fee Title,https://myfwp.mt.gov/fishMT/fas/39753676,Hand Launch,No,NO HUNTING,NO HUNTING,Fee Acquisitions,http://fwp.mt.gov/export/sites/FwpPublic/gisResources/visitMaps/fas/39753676.pdf,1996-03-01T00:00:00.000Z,47.138721,-111.851952
1088,Forest Grove,Fee Title,https://myfwp.mt.gov/fishMT/fas/39754155,Ramp (Concrete),Yes,NO HUNTING,NO HUNTING,Fee Acquisitions,http://fwp.mt.gov/export/sites/FwpPublic/gisResources/visitMaps/fas/39754155.pdf,1977-04-27T00:00:00.000Z,47.076213,-114.761421
1089,Truly Bridge,Lease,https://myfwp.mt.gov/fishMT/fas/39753736,No Boat Facilities,No,HUNTING ALLOWED,Refer to current hunting regulations for hunting and weapons restrictions.,Land-In(Lease term and specified consideration),http://fwp.mt.gov/export/sites/FwpPublic/gisResources/visitMaps/fas/39753736.pdf,1994-10-14T00:00:00.000Z,47.354551,-111.437042
1090,Cole Ponds,Fee Title,https://myfwp.mt.gov/fishMT/fas/39754309,Ramp (Gravel),Yes,HUNTING ALLOWED,Refer to current hunting regulations for hunting and weapons restrictions.,Fee Acquisitions,http://fwp.mt.gov/export/sites/FwpPublic/gisResources/visitMaps/fas/39754309.pdf,1962-08-29T00:00:00.000Z,48.539055,-107.468438
1091,Kirk Wildlife Refuge,Fee Title,https://myfwp.mt.gov/fishMT/fas/39753560,No Boat Facilities,No,NO HUNTING,NO HUNTING,Fee Acquisitions,http://fwp.mt.gov/export/sites/FwpPublic/gisResources/visitMaps/fas/39753560.pdf,1980-12-30T00:00:00.000Z,45.510366,-111.261076
1092,Largent's Bend,Fee Title,https://myfwp.mt.gov/fishMT/fas/39754261,No Boat Facilities,Yes,HUNTING ALLOWED,Refer to current hunting regulations for hunting and weapons restrictions.,Fee Acquisitions,http://fwp.mt.gov/export/sites/FwpPublic/gisResources/visitMaps/fas/39754261.pdf,2008-11-04T00:00:00.000Z,47.540221,-111.63162
1093,Bootjack Lake,Easement,https://myfwp.mt.gov/fishMT/fas/39754057,Hand Launch,No,NO HUNTING,NO HUNTING,Land-In(Easement right in anothers land),http://fwp.mt.gov/export/sites/FwpPublic/gisResources/visitMaps/fas/39754057.pdf,1996-09-01T00:00:00.000Z,48.418282,-114.494163
1094,Snowden Bridge,Easement,https://myfwp.mt.gov/fishMT/fas/39754621,Ramp (Gravel),Yes,HUNTING ALLOWED,Refer to current hunting regulations for hunting and weapons restrictions.,Land-In(Easement right in anothers land),http://fwp.mt.gov/export/sites/FwpPublic/gisResources/visitMaps/fas/39754621.pdf,2006-07-17T00:00:00.000Z,48.005761,-104.103264
1095,Hardy Bridge,Lease,https://myfwp.mt.gov/fishMT/fas/39753708,Hand Launch,No,NO HUNTING,NO HUNTING,Land-In(Lease term and specified consideration),http://fwp.mt.gov/export/sites/FwpPublic/gisResources/visitMaps/fas/39753708.pdf,1996-08-09T00:00:00.000Z,47.168169,-111.835329
1096,Cameron Bridge,Fee Title,https://myfwp.mt.gov/fishMT/fas/39753426,No Boat Facilities,No,HUNTING ALLOWED,Refer to current hunting regulations for hunting and weapons restrictions.,Fee Acquisitions,http://fwp.mt.gov/export/sites/FwpPublic/gisResources/visitMaps/fas/39753426.pdf,1965-10-21T00:00:00.000Z,45.737739,-111.220134
1097,Dailey Lake,Fee Title,https://myfwp.mt.gov/fishMT/fas/39753414,"Ramp (Concrete), Dock",Yes,HUNTING ALLOWED,Refer to current hunting regulations for hunting and weapons restrictions.,Fee Acquisitions,http://fwp.mt.gov/export/sites/FwpPublic/gisResources/visitMaps/fas/39753414.pdf,1986-04-18T00:00:00.000Z,45.260022,-110.811758
1098,Gillies Bridge,Easement,https://myfwp.mt.gov/fishMT/fas/39754183,Hand Launch,No,NO HUNTING,NO HUNTING,Land-In(Easement right in anothers land),http://fwp.mt.gov/export/sites/FwpPublic/gisResources/visitMaps/fas/39754183.pdf,1997-10-17T00:00:00.000Z,46.330262,-113.536248
1099,Lower Osprey,Fee Title,https://myfwp.mt.gov/fishMT/fas/39754595,No Boat Facilities,Yes,NO HUNTING,NO HUNTING,Fee Acquisitions,http://fwp.mt.gov/export/sites/FwpPublic/gisResources/visitMaps/fas/39754595.pdf,2004-11-30T00:00:00.000Z,47.022144,-114.645546
1100,Middle Osprey,Fee Title,https://myfwp.mt.gov/fishMT/fas/39754630,No Boat Facilities,Yes,NO HUNTING,NO HUNTING,Fee Acquisitions,http://fwp.mt.gov/export/sites/FwpPublic/gisResources/visitMaps/fas/39754630.pdf,2007-01-05T00:00:00.000Z,47.019522,-114.627469
1101,Upper Osprey,Fee Title,https://myfwp.mt.gov/fishMT/fas/39754593,No Boat Facilities,Yes,NO HUNTING,NO HUNTING,Fee Acquisitions,http://fwp.mt.gov/export/sites/FwpPublic/gisResources/visitMaps/fas/39754593.pdf,2004-11-30T00:00:00.000Z,47.013902,-114.599534
1102,Paradise Crossing,Fee Title,https://myfwp.mt.gov/fishMT/fas/39754634,No Boat Facilities,Yes,NO HUNTING,NO HUNTING,Fee Acquisitions,http://fwp.mt.gov/export/sites/FwpPublic/gisResources/visitMaps/fas/39754634.pdf,2007-12-28T00:00:00.000Z,47.383475,-114.799072
1103,Little Muddy Creek,Special Management Agreement,https://myfwp.mt.gov/fishMT/fas/39754636,No Boat Facilities,Yes,HUNTING ALLOWED,Refer to current hunting regulations for hunting and weapons restrictions.,Special Management Agreements,http://fwp.mt.gov/export/sites/FwpPublic/gisResources/visitMaps/fas/39754636.pdf,2010-06-14T00:00:00.000Z,47.340324,-111.608087
1104,Weymiller,Fee Title,https://myfwp.mt.gov/fishMT/fas/39754672,No Boat Facilities,Yes,NO HUNTING,NO HUNTING,Fee Acquisitions,http://fwp.mt.gov/export/sites/FwpPublic/gisResources/visitMaps/fas/39754672.pdf,2008-03-20T00:00:00.000Z,45.026857,-109.060952
1105,Bigfork,Fee Title,https://myfwp.mt.gov/fishMT/fas/39753993,"Dock, Ramp (Concrete)",No,NO HUNTING,NO HUNTING,Fee Acquisitions,http://fwp.mt.gov/export/sites/FwpPublic/gisResources/visitMaps/fas/39753993.pdf,1996-07-01T00:00:00.000Z,48.060504,-114.078385
1106,Upsata Lake,Easement,https://myfwp.mt.gov/fishMT/fas/39754103,Ramp (Gravel),Yes,NO HUNTING,NO HUNTING,Land-In(Easement right in anothers land),http://fwp.mt.gov/export/sites/FwpPublic/gisResources/visitMaps/fas/39754103.pdf,1950-06-29T00:00:00.000Z,47.073048,-113.229813
1107,Monture Creek,Fee Title,https://myfwp.mt.gov/fishMT/fas/39754181,Hand Launch,Yes,HUNTING ALLOWED,Refer to current hunting regulations for hunting and weapons restrictions.,Fee Acquisitions,http://fwp.mt.gov/export/sites/FwpPublic/gisResources/visitMaps/fas/39754181.pdf,1965-08-31T00:00:00.000Z,47.036485,-113.21987
1108,Russell Gates Memorial,Fee Title,https://myfwp.mt.gov/fishMT/fas/39754195,Ramp (Gravel),Yes,NO HUNTING,NO HUNTING,Fee Acquisitions,http://fwp.mt.gov/export/sites/FwpPublic/gisResources/visitMaps/fas/39754195.pdf,1985-11-20T00:00:00.000Z,47.023443,-113.306037
1109,Mayflower Bridge,Fee Title,https://myfwp.mt.gov/fishMT/fas/39753568,Ramp (Concrete),No,HUNTING ALLOWED,Refer to current hunting regulations for hunting and weapons restrictions.,Fee Acquisitions,http://fwp.mt.gov/export/sites/FwpPublic/gisResources/visitMaps/fas/39753568.pdf,1986-12-17T00:00:00.000Z,45.857954,-112.015919
1110,McAtee Bridge,Easement,https://myfwp.mt.gov/fishMT/fas/39753516,Ramp (Gravel),No,HUNTING ALLOWED,Refer to current hunting regulations for hunting and weapons restrictions.,Land-In(Easement right in anothers land),http://fwp.mt.gov/export/sites/FwpPublic/gisResources/visitMaps/fas/39753516.pdf,1989-01-17T00:00:00.000Z,45.096653,-111.66152
1111,Varney Bridge,Fee Title,https://myfwp.mt.gov/fishMT/fas/39753404,Ramp (Concrete),Yes,HUNTING ALLOWED,Refer to current hunting regulations for hunting and weapons restrictions.,Fee Acquisitions,http://fwp.mt.gov/export/sites/FwpPublic/gisResources/visitMaps/fas/39753404.pdf,1957-11-05T00:00:00.000Z,45.229003,-111.751958
1112,Burnt Tree Hole,Fee Title,https://myfwp.mt.gov/fishMT/fas/39753506,Ramp (Concrete),No,NO HUNTING,NO HUNTING,Fee Acquisitions,http://fwp.mt.gov/export/sites/FwpPublic/gisResources/visitMaps/fas/39753506.pdf,1958-02-20T00:00:00.000Z,45.314927,-111.748706
1113,Valley Garden,Fee Title,https://myfwp.mt.gov/fishMT/fas/39753456,Ramp (Gravel),Yes,HUNTING ALLOWED,Refer to current hunting regulations for hunting and weapons restrictions.,Fee Acquisitions,http://fwp.mt.gov/export/sites/FwpPublic/gisResources/visitMaps/fas/39753456.pdf,1961-03-09T00:00:00.000Z,45.367261,-111.705404
1114,Three Forks Ponds,Fee Title,https://myfwp.mt.gov/fishMT/fas/39753460,Ramp (Gravel),No,NO HUNTING,NO HUNTING,Fee Acquisitions,http://fwp.mt.gov/export/sites/FwpPublic/gisResources/visitMaps/fas/39753460.pdf,1979-11-28T00:00:00.000Z,45.893349,-111.536707
1115,Erskine,Fee Title,https://myfwp.mt.gov/fishMT/fas/39754153,No Boat Facilities,No,HUNTING ALLOWED,Refer to current hunting regulations for hunting and weapons restrictions.,Fee Acquisitions,http://fwp.mt.gov/export/sites/FwpPublic/gisResources/visitMaps/fas/39754153.pdf,1976-10-29T00:00:00.000Z,47.013491,-114.284854
1116,Willow Creek Reservoir,Lease,https://myfwp.mt.gov/fishMT/fas/39753628,Ramp (Concrete),Yes,HUNTING ALLOWED,Refer to current hunting regulations for hunting and weapons restrictions.,Land-In(Lease term and specified consideration),http://fwp.mt.gov/export/sites/FwpPublic/gisResources/visitMaps/fas/39753628.pdf,1970-12-08T00:00:00.000Z,47.547807,-112.44046
1117,Fort Logan,Easement,https://myfwp.mt.gov/fishMT/fas/39754579,No Boat Facilities,No,HUNTING ALLOWED,Refer to current hunting regulations for hunting and weapons restrictions.,Land-In(Easement right in anothers land),http://fwp.mt.gov/export/sites/FwpPublic/gisResources/visitMaps/fas/39754579.pdf,1960-03-10T00:00:00.000Z,46.745144,-111.174023
1118,Tucker Crossing,Fee Title,https://myfwp.mt.gov/fishMT/fas/39754143,Ramp (Concrete),No,HUNTING ALLOWED,Refer to current hunting regulations for hunting and weapons restrictions.,Fee Acquisitions,http://fwp.mt.gov/export/sites/FwpPublic/gisResources/visitMaps/fas/39754143.pdf,1979-03-15T00:00:00.000Z,46.368384,-114.137378
1119,Daigles Eddy,Special Management Agreement,https://myfwp.mt.gov/fishMT/fas/39753906,No Boat Facilities,Yes,NO HUNTING,NO HUNTING,Special Management Agreements,http://fwp.mt.gov/export/sites/FwpPublic/gisResources/visitMaps/fas/39753906.pdf,2006-08-04T00:00:00.000Z,46.93172,-113.642781
1120,Belmont Creek,Special Management Agreement,https://myfwp.mt.gov/fishMT/fas/39753900,No Boat Facilities,Yes,NO HUNTING,NO HUNTING,Special Management Agreements,http://fwp.mt.gov/export/sites/FwpPublic/gisResources/visitMaps/fas/39753900.pdf,2006-08-04T00:00:00.000Z,46.956594,-113.5699
1121,Thibodeau,Special Management Agreement,https://myfwp.mt.gov/fishMT/fas/39753904,No Boat Facilities,Yes,NO HUNTING,NO HUNTING,Special Management Agreements,http://fwp.mt.gov/export/sites/FwpPublic/gisResources/visitMaps/fas/39753904.pdf,2006-08-04T00:00:00.000Z,46.950424,-113.607237
1122,Whitaker Bridge,Special Management Agreement,https://myfwp.mt.gov/fishMT/fas/39753902,Ramp (Concrete),Yes,NO HUNTING,NO HUNTING,Special Management Agreements,http://fwp.mt.gov/export/sites/FwpPublic/gisResources/visitMaps/fas/39753902.pdf,2006-08-04T00:00:00.000Z,46.942925,-113.601006
1123,Kookoosint,Fee Title,https://myfwp.mt.gov/fishMT/fas/39754611,No Boat Facilities,Yes,NO HUNTING,NO HUNTING,Fee Acquisitions,http://fwp.mt.gov/export/sites/FwpPublic/gisResources/visitMaps/fas/39754611.pdf,2005-10-24T00:00:00.000Z,47.343652,-114.708416
1124,Spring Creek,Conservation Easement,https://myfwp.mt.gov/fishMT/fas/39753626,No Boat Facilities,No,HUNTING ALLOWED,Refer to current hunting regulations for hunting and weapons restrictions.,Conservation Easements,http://fwp.mt.gov/export/sites/FwpPublic/gisResources/visitMaps/fas/39753626.pdf,1986-10-17T00:00:00.000Z,47.029364,-109.380668
1125,Bluewater Springs,Fee Title,https://myfwp.mt.gov/fishMT/fas/39753885,No Boat Facilities,No,HUNTING ALLOWED,Refer to current hunting regulations for hunting and weapons restrictions.,Fee Acquisitions,http://fwp.mt.gov/export/sites/FwpPublic/gisResources/visitMaps/fas/39753885.pdf,1947-05-17T00:00:00.000Z,45.331614,-108.802302
1126,Eagle Island,Fee Title,https://myfwp.mt.gov/fishMT/fas/39753742,No Boat Facilities,No,HUNTING ALLOWED,Refer to current hunting regulations for hunting and weapons restrictions.,Fee Acquisitions,http://fwp.mt.gov/export/sites/FwpPublic/gisResources/visitMaps/fas/39753742.pdf,1993-10-29T00:00:00.000Z,47.120913,-111.890198
1127,Manuel Lisa,Fee Title,https://myfwp.mt.gov/fishMT/fas/39753862,Ramp (Concrete),Yes,HUNTING ALLOWED,Refer to current hunting regulations for hunting and weapons restrictions.,Fee Acquisitions,http://fwp.mt.gov/export/sites/FwpPublic/gisResources/visitMaps/fas/39753862.pdf,1981-07-28T00:00:00.000Z,46.144754,-107.466041
1128,Smith Lake,Fee Title,https://myfwp.mt.gov/fishMT/fas/39753969,"Dock, Ramp (Gravel)",No,HUNTING ALLOWED,Refer to current hunting regulations for hunting and weapons restrictions.,Fee Acquisitions,http://fwp.mt.gov/export/sites/FwpPublic/gisResources/visitMaps/fas/39753969.pdf,1964-01-21T00:00:00.000Z,48.107322,-114.441433
1129,Horseshoe Lake/Ferndale,Fee Title,https://myfwp.mt.gov/fishMT/fas/39754001,"Ramp (Gravel), Dock",No,NO HUNTING,NO HUNTING,Fee Acquisitions,http://fwp.mt.gov/export/sites/FwpPublic/gisResources/visitMaps/fas/39754001.pdf,1990-01-31T00:00:00.000Z,48.021709,-113.99759
1130,Sophie Lake,Fee Title,https://myfwp.mt.gov/fishMT/fas/39754051,Ramp (Gravel),No,NO HUNTING,NO HUNTING,Fee Acquisitions,http://fwp.mt.gov/export/sites/FwpPublic/gisResources/visitMaps/fas/39754051.pdf,1958-06-05T00:00:00.000Z,48.955511,-115.12641
1131,McKay Landing,Easement,https://myfwp.mt.gov/fishMT/fas/39753999,Ramp (Gravel),Yes,NO HUNTING,NO HUNTING,Land-In(Easement right in anothers land),http://fwp.mt.gov/export/sites/FwpPublic/gisResources/visitMaps/fas/39753999.pdf,1989-07-14T00:00:00.000Z,47.542205,-115.092899
1132,Glen Lake,Fee Title,https://myfwp.mt.gov/fishMT/fas/39753961,Ramp (Concrete),No,NO HUNTING,NO HUNTING,Fee Acquisitions,http://fwp.mt.gov/export/sites/FwpPublic/gisResources/visitMaps/fas/39753961.pdf,1969-02-19T00:00:00.000Z,48.870002,-114.949925
1133,Skyles Lake,Fee Title,https://myfwp.mt.gov/fishMT/fas/39753987,Hand Launch,No,NO HUNTING,NO HUNTING,Fee Acquisitions,http://fwp.mt.gov/export/sites/FwpPublic/gisResources/visitMaps/fas/39753987.pdf,1954-11-30T00:00:00.000Z,48.404534,-114.401907
1134,Blanchard Lake,Fee Title,https://myfwp.mt.gov/fishMT/fas/39753963,Ramp (Gravel),No,NO HUNTING,NO HUNTING,Fee Acquisitions,http://fwp.mt.gov/export/sites/FwpPublic/gisResources/visitMaps/fas/39753963.pdf,1962-05-25T00:00:00.000Z,48.3937,-114.366626
1135,Teakettle,Fee Title,https://myfwp.mt.gov/fishMT/fas/39754013,Ramp (Concrete),No,NO HUNTING,NO HUNTING,Fee Acquisitions,http://fwp.mt.gov/export/sites/FwpPublic/gisResources/visitMaps/fas/39754013.pdf,1975-03-19T00:00:00.000Z,48.365818,-114.171035
1136,Kokanee Bend,Easement,https://myfwp.mt.gov/fishMT/fas/39754007,Ramp (Gravel),No,HUNTING ALLOWED,Refer to current hunting regulations for hunting and weapons restrictions.,Land-In(Easement right in anothers land),http://fwp.mt.gov/export/sites/FwpPublic/gisResources/visitMaps/fas/39754007.pdf,1975-11-03T00:00:00.000Z,48.349897,-114.214262
1137,Clearwater Crossing,Fee Title,https://myfwp.mt.gov/fishMT/fas/39754449,Hand Launch,Yes,NO HUNTING,NO HUNTING,Fee Acquisitions,http://fwp.mt.gov/export/sites/FwpPublic/gisResources/visitMaps/fas/39754449.pdf,1948-11-27T00:00:00.000Z,47.001069,-113.38002
1138,Johnsrud Park,Fee Title,https://myfwp.mt.gov/fishMT/fas/39754243,Ramp (Concrete),No,NO HUNTING,NO HUNTING,Fee Acquisitions,http://fwp.mt.gov/export/sites/FwpPublic/gisResources/visitMaps/fas/39754243.pdf,1980-10-03T00:00:00.000Z,46.916451,-113.678554
1139,Hell's Canyon,Fee Title,https://myfwp.mt.gov/fishMT/fas/39753464,Ramp (Gravel),No,HUNTING ALLOWED,Refer to current hunting regulations for hunting and weapons restrictions.,Fee Acquisitions,http://fwp.mt.gov/export/sites/FwpPublic/gisResources/visitMaps/fas/39753464.pdf,1997-12-29T00:00:00.000Z,45.63262,-112.318552
1140,Culbertson Bridge,Fee Title,https://myfwp.mt.gov/fishMT/fas/39754483,Ramp (Concrete),No,HUNTING ALLOWED,Refer to current hunting regulations for hunting and weapons restrictions.,Fee Acquisitions,http://fwp.mt.gov/export/sites/FwpPublic/gisResources/visitMaps/fas/39754483.pdf,1997-06-05T00:00:00.000Z,48.122477,-104.475293
1141,Newlan Creek Reservoir,Special Management Agreement,https://myfwp.mt.gov/fishMT/fas/39754461,Ramp (Gravel),Yes,HUNTING ALLOWED,Refer to current hunting regulations for hunting and weapons restrictions.,Special Management Agreements,http://fwp.mt.gov/export/sites/FwpPublic/gisResources/visitMaps/fas/39754461.pdf,1997-09-03T00:00:00.000Z,46.642736,-110.937256
1142,Diamond Willow,Fee Title,https://myfwp.mt.gov/fishMT/fas/39754395,Hand Launch,No,HUNTING ALLOWED,Refer to current hunting regulations for hunting and weapons restrictions.,Fee Acquisitions,http://fwp.mt.gov/export/sites/FwpPublic/gisResources/visitMaps/fas/39754395.pdf,1986-10-30T00:00:00.000Z,47.75594,-104.054439
1143,Sidney Bridge,Fee Title,https://myfwp.mt.gov/fishMT/fas/39754377,Ramp (Concrete),No,NO HUNTING,NO HUNTING,Fee Acquisitions,http://fwp.mt.gov/export/sites/FwpPublic/gisResources/visitMaps/fas/39754377.pdf,1993-07-23T00:00:00.000Z,47.67343,-104.15672
1144,Johnson Reservoir,Lease,https://myfwp.mt.gov/fishMT/fas/39754375,No Boat Facilities,No,HUNTING ALLOWED,Refer to current hunting regulations for hunting and weapons restrictions.,Land-In(Lease term and specified consideration),http://fwp.mt.gov/export/sites/FwpPublic/gisResources/visitMaps/fas/39754375.pdf,1995-03-22T00:00:00.000Z,47.31317,-105.096361
1145,Elmo,Lease,https://myfwp.mt.gov/fishMT/fas/39754015,"Dock, Ramp (Concrete)",No,NO HUNTING,NO HUNTING,Land-In(Lease term and specified consideration),http://fwp.mt.gov/export/sites/FwpPublic/gisResources/visitMaps/fas/39754015.pdf,2016-03-09T00:00:00.000Z,47.834687,-114.337252
1146,Demmons,Fee Title,https://myfwp.mt.gov/fishMT/fas/39754487,No Boat Facilities,No,NO HUNTING,NO HUNTING,Fee Acquisitions,http://fwp.mt.gov/export/sites/FwpPublic/gisResources/visitMaps/fas/39754487.pdf,2000-08-10T00:00:00.000Z,46.247298,-114.176896
1147,Drummond,Lease,https://myfwp.mt.gov/fishMT/fas/39754459,Ramp (Concrete),No,NO HUNTING,NO HUNTING,Land-In(Lease term and specified consideration),http://fwp.mt.gov/export/sites/FwpPublic/gisResources/visitMaps/fas/39754459.pdf,1999-02-21T00:00:00.000Z,46.66073,-113.148299
1148,Ruby Island,Lease,https://myfwp.mt.gov/fishMT/fas/39753494,No Boat Facilities,No,HUNTING ALLOWED,Refer to current hunting regulations for hunting and weapons restrictions.,Land-In(Lease term and specified consideration),http://fwp.mt.gov/export/sites/FwpPublic/gisResources/visitMaps/fas/39753494.pdf,2016-04-22T00:00:00.000Z,45.324159,-112.115243
1149,Ennis,Fee Title,https://myfwp.mt.gov/fishMT/fas/39753534,Ramp (Gravel),Yes,HUNTING ALLOWED,Refer to current hunting regulations for hunting and weapons restrictions.,Fee Acquisitions,http://fwp.mt.gov/export/sites/FwpPublic/gisResources/visitMaps/fas/39753534.pdf,1958-06-28T00:00:00.000Z,45.34443,-111.723099
1150,Pressentine,Fee Title,https://myfwp.mt.gov/fishMT/fas/39754009,Ramp (Gravel),No,NO HUNTING,NO HUNTING,Fee Acquisitions,http://fwp.mt.gov/export/sites/FwpPublic/gisResources/visitMaps/fas/39754009.pdf,1965-05-24T00:00:00.000Z,48.291403,-114.223467
1151,Old Steel Bridge,Fee Title,https://myfwp.mt.gov/fishMT/fas/39754005,Ramp (Gravel),No,HUNTING ALLOWED,Refer to current hunting regulations for hunting and weapons restrictions.,Fee Acquisitions,http://fwp.mt.gov/export/sites/FwpPublic/gisResources/visitMaps/fas/39754005.pdf,1964-03-25T00:00:00.000Z,48.208834,-114.255808
1152,Somers,Easement,https://myfwp.mt.gov/fishMT/fas/39754047,"Dock, Ramp (Concrete)",No,NO HUNTING,NO HUNTING,Land-In(Easement right in anothers land),http://fwp.mt.gov/export/sites/FwpPublic/gisResources/visitMaps/fas/39754047.pdf,1987-04-28T00:00:00.000Z,48.077486,-114.235532
1153,Sportsmans Bridge,Fee Title,https://myfwp.mt.gov/fishMT/fas/39754011,Ramp (Concrete),No,NO HUNTING,NO HUNTING,Fee Acquisitions,http://fwp.mt.gov/export/sites/FwpPublic/gisResources/visitMaps/fas/39754011.pdf,1959-04-20T00:00:00.000Z,48.092397,-114.113348
1154,Grey Owl,Fee Title,https://myfwp.mt.gov/fishMT/fas/39753550,Ramp (Concrete),No,HUNTING ALLOWED,Refer to current hunting regulations for hunting and weapons restrictions.,Fee Acquisitions,http://fwp.mt.gov/export/sites/FwpPublic/gisResources/visitMaps/fas/39753550.pdf,1983-08-26T00:00:00.000Z,45.397874,-110.704152
1155,Chicory,Easement,https://myfwp.mt.gov/fishMT/fas/39753510,No Boat Facilities,No,NO HUNTING,NO HUNTING,Land-In(Easement right in anothers land),http://fwp.mt.gov/export/sites/FwpPublic/gisResources/visitMaps/fas/39753510.pdf,1978-01-05T00:00:00.000Z,45.397632,-110.702141
1156,Loch Leven,Easement,https://myfwp.mt.gov/fishMT/fas/39753564,Ramp (Concrete),Yes,NO HUNTING,NO HUNTING,Land-In(Easement right in anothers land),http://fwp.mt.gov/export/sites/FwpPublic/gisResources/visitMaps/fas/39753564.pdf,1967-12-22T00:00:00.000Z,45.457221,-110.624236
1157,Mallard's Rest,Easement,https://myfwp.mt.gov/fishMT/fas/39753566,Ramp (Concrete),Yes,HUNTING ALLOWED,Refer to current hunting regulations for hunting and weapons restrictions.,Land-In(Easement right in anothers land),http://fwp.mt.gov/export/sites/FwpPublic/gisResources/visitMaps/fas/39753566.pdf,1963-06-28T00:00:00.000Z,45.484832,-110.621638
1158,Otter Creek,Fee Title,https://myfwp.mt.gov/fishMT/fas/39753854,Ramp (Concrete),Yes,HUNTING ALLOWED,Refer to current hunting regulations for hunting and weapons restrictions.,Fee Acquisitions,http://fwp.mt.gov/export/sites/FwpPublic/gisResources/visitMaps/fas/39753854.pdf,1989-03-07T00:00:00.000Z,45.855088,-109.91575
1159,Indian Fort,Fee Title,https://myfwp.mt.gov/fishMT/fas/39753850,Ramp (Gravel),Yes,NO HUNTING,NO HUNTING,Fee Acquisitions,http://fwp.mt.gov/export/sites/FwpPublic/gisResources/visitMaps/fas/39753850.pdf,1967-11-01T00:00:00.000Z,45.715373,-109.548581
1160,Whitebird,Fee Title,https://myfwp.mt.gov/fishMT/fas/39753880,Ramp (Gravel),Yes,HUNTING ALLOWED,Refer to current hunting regulations for hunting and weapons restrictions.,Fee Acquisitions,http://fwp.mt.gov/export/sites/FwpPublic/gisResources/visitMaps/fas/39753880.pdf,1966-01-13T00:00:00.000Z,45.575238,-109.337034
1161,Buffalo Jump,Fee Title,https://myfwp.mt.gov/fishMT/fas/39753828,Hand Launch,Yes,HUNTING ALLOWED,Refer to current hunting regulations for hunting and weapons restrictions.,Fee Acquisitions,http://fwp.mt.gov/export/sites/FwpPublic/gisResources/visitMaps/fas/39753828.pdf,1958-10-22T00:00:00.000Z,45.436362,-109.797138
1162,Moraine,Fee Title,https://myfwp.mt.gov/fishMT/fas/39753864,Hand Launch,Yes,HUNTING ALLOWED,Refer to current hunting regulations for hunting and weapons restrictions.,Fee Acquisitions,http://fwp.mt.gov/export/sites/FwpPublic/gisResources/visitMaps/fas/39753864.pdf,1968-03-25T00:00:00.000Z,45.462964,-109.756365
1163,Rosebud Isle,Fee Title,https://myfwp.mt.gov/fishMT/fas/39753872,Hand Launch,Yes,NO HUNTING,NO HUNTING,Fee Acquisitions,http://fwp.mt.gov/export/sites/FwpPublic/gisResources/visitMaps/fas/39753872.pdf,1958-09-25T00:00:00.000Z,45.450746,-109.506785
1164,Bridger Bend,Easement,https://myfwp.mt.gov/fishMT/fas/39753834,No Boat Facilities,No,HUNTING ALLOWED,Refer to current hunting regulations for hunting and weapons restrictions.,Land-In(Easement right in anothers land),http://fwp.mt.gov/export/sites/FwpPublic/gisResources/visitMaps/fas/39753834.pdf,2016-05-02T00:00:00.000Z,45.106412,-109.022585
1165,Broadview Pond,Fee Title,https://myfwp.mt.gov/fishMT/fas/39753806,Ramp (Concrete),Yes,HUNTING ALLOWED,Refer to current hunting regulations for hunting and weapons restrictions.,Fee Acquisitions,http://fwp.mt.gov/export/sites/FwpPublic/gisResources/visitMaps/fas/39753806.pdf,1958-06-17T00:00:00.000Z,46.10452,-108.883353
1166,Silver Star,Fee Title,https://myfwp.mt.gov/fishMT/fas/39753448,Ramp (Concrete),No,NO HUNTING,NO HUNTING,Fee Acquisitions,http://fwp.mt.gov/export/sites/FwpPublic/gisResources/visitMaps/fas/39753448.pdf,1982-09-20T00:00:00.000Z,45.686397,-112.282452
1167,K. Ross Toole,Fee Title,https://myfwp.mt.gov/fishMT/fas/39754165,No Boat Facilities,No,NO HUNTING,NO HUNTING,Fee Acquisitions,http://fwp.mt.gov/export/sites/FwpPublic/gisResources/visitMaps/fas/39754165.pdf,1985-11-19T00:00:00.000Z,46.903934,-113.725941
1168,Mountain Palace,Lease,https://myfwp.mt.gov/fishMT/fas/39753712,Ramp (Concrete),Yes,NO HUNTING,NO HUNTING,Land-In(Lease term and specified consideration),http://fwp.mt.gov/export/sites/FwpPublic/gisResources/visitMaps/fas/39753712.pdf,1996-08-09T00:00:00.000Z,47.16256,-111.823107
1169,Voyagers Rest,Fee Title,https://myfwp.mt.gov/fishMT/fas/39753858,Ramp (Gravel),Yes,HUNTING ALLOWED,Refer to current hunting regulations for hunting and weapons restrictions.,Fee Acquisitions,http://fwp.mt.gov/export/sites/FwpPublic/gisResources/visitMaps/fas/39753858.pdf,1989-06-07T00:00:00.000Z,45.996834,-108.130606
1170,Brewery Flats,Fee Title,https://myfwp.mt.gov/fishMT/fas/39753650,No Boat Facilities,No,NO HUNTING,NO HUNTING,Fee Acquisitions,http://fwp.mt.gov/export/sites/FwpPublic/gisResources/visitMaps/fas/39753650.pdf,1985-09-18T00:00:00.000Z,47.047113,-109.412339
1171,Lewis and Clark,Fee Title,https://myfwp.mt.gov/fishMT/fas/39754485,Ramp (Concrete),No,HUNTING ALLOWED,Refer to current hunting regulations for hunting and weapons restrictions.,Fee Acquisitions,http://fwp.mt.gov/export/sites/FwpPublic/gisResources/visitMaps/fas/39754485.pdf,1999-05-28T00:00:00.000Z,48.068113,-105.537464
1172,Three Stall,Lease,https://myfwp.mt.gov/fishMT/fas/39753896,Hand Launch,Yes,NO HUNTING,NO HUNTING,Land-In(Lease term and specified consideration),http://fwp.mt.gov/export/sites/FwpPublic/gisResources/visitMaps/fas/39753896.pdf,2016-10-26T00:00:00.000Z,46.937551,-113.387491
1173,Ralph's Takeout,Fee Title,https://myfwp.mt.gov/fishMT/fas/39754591,No Boat Facilities,Yes,NO HUNTING,NO HUNTING,Fee Acquisitions,http://fwp.mt.gov/export/sites/FwpPublic/gisResources/visitMaps/fas/39754591.pdf,2004-11-30T00:00:00.000Z,47.01261,-114.69038
1174,Toston,Fee Title,https://myfwp.mt.gov/fishMT/fas/39753480,Ramp (Gravel),No,NO HUNTING,NO HUNTING,Fee Acquisitions,http://fwp.mt.gov/export/sites/FwpPublic/gisResources/visitMaps/fas/39753480.pdf,1994-12-30T00:00:00.000Z,46.171998,-111.445215
1175,Dan Bailey,Fee Title,https://myfwp.mt.gov/fishMT/fas/39753422,No Boat Facilities,Yes,NO HUNTING,NO HUNTING,Fee Acquisitions,http://fwp.mt.gov/export/sites/FwpPublic/gisResources/visitMaps/fas/39753422.pdf,1970-06-02T00:00:00.000Z,45.420457,-110.636655
1176,Harpers Lake,Fee Title,https://myfwp.mt.gov/fishMT/fas/39754115,Ramp (Gravel),Yes,NO HUNTING,NO HUNTING,Fee Acquisitions,http://fwp.mt.gov/export/sites/FwpPublic/gisResources/visitMaps/fas/39754115.pdf,1948-11-27T00:00:00.000Z,47.021606,-113.380577
1177,High Bridge,Fee Title,https://myfwp.mt.gov/fishMT/fas/39753552,Hand Launch,No,NO HUNTING,NO HUNTING,Fee Acquisitions,http://fwp.mt.gov/export/sites/FwpPublic/gisResources/visitMaps/fas/39753552.pdf,1986-06-06T00:00:00.000Z,45.017819,-112.837506
1178,Fairweather,Fee Title,https://myfwp.mt.gov/fishMT/fas/39753412,Ramp (Gravel),No,HUNTING ALLOWED,Refer to current hunting regulations for hunting and weapons restrictions.,Fee Acquisitions,http://fwp.mt.gov/export/sites/FwpPublic/gisResources/visitMaps/fas/39753412.pdf,1965-04-08T00:00:00.000Z,46.027734,-111.418325
1179,Two Leggins,Fee Title,https://myfwp.mt.gov/fishMT/fas/39753876,Ramp (Concrete),Yes,HUNTING ALLOWED,Refer to current hunting regulations for hunting and weapons restrictions.,Fee Acquisitions,http://fwp.mt.gov/export/sites/FwpPublic/gisResources/visitMaps/fas/39753876.pdf,1970-01-16T00:00:00.000Z,45.645345,-107.658662
1180,Tetrault Lake,Fee Title,https://myfwp.mt.gov/fishMT/fas/39753989,Ramp (Gravel),No,NO HUNTING,NO HUNTING,Fee Acquisitions,http://fwp.mt.gov/export/sites/FwpPublic/gisResources/visitMaps/fas/39753989.pdf,1959-10-28T00:00:00.000Z,48.948319,-115.108317
1181,Mayor's Landing,Lease,https://myfwp.mt.gov/fishMT/fas/39753600,Ramp (Concrete),No,NO HUNTING,NO HUNTING,Land-In(Lease term and specified consideration),http://fwp.mt.gov/export/sites/FwpPublic/gisResources/visitMaps/fas/39753600.pdf,2015-04-23T00:00:00.000Z,45.666088,-110.539629
1182,Tarkio East,Easement,https://myfwp.mt.gov/fishMT/fas/39754211,No Boat Facilities,No,NO HUNTING,NO HUNTING,Land-In(Easement right in anothers land),http://fwp.mt.gov/export/sites/FwpPublic/gisResources/visitMaps/fas/39754211.pdf,2015-02-10T00:00:00.000Z,47.020755,-114.653291
1183,Cherry River,Fee Title,https://myfwp.mt.gov/fishMT/fas/39753420,No Boat Facilities,No,NO HUNTING,NO HUNTING,Fee Acquisitions,http://fwp.mt.gov/export/sites/FwpPublic/gisResources/visitMaps/fas/39753420.pdf,1992-03-16T00:00:00.000Z,45.724337,-111.064965
1184,Faber Reservoir,Easement,https://myfwp.mt.gov/fishMT/fas/39754319,No Boat Facilities,No,NO HUNTING,NO HUNTING,Land-In(Easement right in anothers land),http://fwp.mt.gov/export/sites/FwpPublic/gisResources/visitMaps/fas/39754319.pdf,1986-02-03T00:00:00.000Z,48.262689,-109.137379
1185,Rock Creek,Lease,https://myfwp.mt.gov/fishMT/fas/39754327,Ramp (Concrete),Yes,NO HUNTING,NO HUNTING,Land-In(Lease term and specified consideration),http://fwp.mt.gov/export/sites/FwpPublic/gisResources/visitMaps/fas/39754327.pdf,2004-02-03T00:00:00.000Z,47.767641,-106.285888
1186,Angevine,Easement,https://myfwp.mt.gov/fishMT/fas/39754559,Hand Launch,Yes,NO HUNTING,NO HUNTING,Land-In(Easement right in anothers land),http://fwp.mt.gov/export/sites/FwpPublic/gisResources/visitMaps/fas/39754559.pdf,2004-04-13T00:00:00.000Z,46.896636,-113.763341
1187,Stuart Mill Bay,Fee Title,https://myfwp.mt.gov/fishMT/fas/39754543,Ramp (Gravel),Yes,HUNTING ALLOWED,Refer to current hunting regulations for hunting and weapons restrictions.,Fee Acquisitions,http://fwp.mt.gov/export/sites/FwpPublic/gisResources/visitMaps/fas/39754543.pdf,2003-03-12T00:00:00.000Z,46.174811,-113.275382
1188,Bjornberg Bridge,Lease,https://myfwp.mt.gov/fishMT/fas/39754317,No Boat Facilities,No,HUNTING ALLOWED,Refer to current hunting regulations for hunting and weapons restrictions.,Land-In(Lease term and specified consideration),http://fwp.mt.gov/export/sites/FwpPublic/gisResources/visitMaps/fas/39754317.pdf,2013-09-30T00:00:00.000Z,48.507989,-107.216545
1189,Captain Clark,Fee Title,https://myfwp.mt.gov/fishMT/fas/39753836,Ramp (Concrete),Yes,HUNTING ALLOWED,Refer to current hunting regulations for hunting and weapons restrictions.,Fee Acquisitions,http://fwp.mt.gov/export/sites/FwpPublic/gisResources/visitMaps/fas/39753836.pdf,1980-12-31T00:00:00.000Z,46.073861,-107.718393
1190,General Custer,Fee Title,https://myfwp.mt.gov/fishMT/fas/39753842,Ramp (Concrete),Yes,HUNTING ALLOWED,Refer to current hunting regulations for hunting and weapons restrictions.,Fee Acquisitions,http://fwp.mt.gov/export/sites/FwpPublic/gisResources/visitMaps/fas/39753842.pdf,1984-06-06T00:00:00.000Z,45.926424,-107.578601
1191,Kona Bridge,Lease,https://myfwp.mt.gov/fishMT/fas/39754650,No Boat Facilities,Yes,NO HUNTING,NO HUNTING,Land-In(Lease term and specified consideration),http://fwp.mt.gov/export/sites/FwpPublic/gisResources/visitMaps/fas/39754650.pdf,2017-01-12T00:00:00.000Z,46.898573,-114.151679
1192,McWenneger Slough,Fee Title,https://myfwp.mt.gov/fishMT/fas/39754660,No Boat Facilities,Yes,HUNTING ALLOWED,Refer to current hunting regulations for hunting and weapons restrictions.,Fee Acquisitions,http://fwp.mt.gov/export/sites/FwpPublic/gisResources/visitMaps/fas/39754660.pdf,2009-10-27T00:00:00.000Z,48.220528,-114.204141
1193,Stipek,Fee Title,https://myfwp.mt.gov/fishMT/fas/39754666,No Boat Facilities,Yes,HUNTING ALLOWED,Refer to current hunting regulations for hunting and weapons restrictions.,Fee Acquisitions,http://fwp.mt.gov/export/sites/FwpPublic/gisResources/visitMaps/fas/39754666.pdf,2009-09-28T00:00:00.000Z,47.209623,-104.655156
1194,Bull Pasture,Lease,https://myfwp.mt.gov/fishMT/fas/39754658,Hand Launch,No,NO HUNTING,NO HUNTING,Land-In(Lease term and specified consideration),http://fwp.mt.gov/export/sites/FwpPublic/gisResources/visitMaps/fas/39754658.pdf,2009-07-20T00:00:00.000Z,47.001497,-111.997889
1195,Clarks Fork Yellowstone,Fee Title,https://myfwp.mt.gov/fishMT/fas/39754253,No Boat Facilities,Yes,HUNTING ALLOWED,Refer to current hunting regulations for hunting and weapons restrictions.,Fee Acquisitions,http://fwp.mt.gov/export/sites/FwpPublic/gisResources/visitMaps/fas/39754253.pdf,2009-09-16T00:00:00.000Z,45.264292,-108.914959
1196,Harlowton,Special Management Agreement,https://myfwp.mt.gov/fishMT/fas/39754664,No Boat Facilities,Yes,NO HUNTING,NO HUNTING,Special Management Agreements,http://fwp.mt.gov/export/sites/FwpPublic/gisResources/visitMaps/fas/39754664.pdf,2007-09-20T00:00:00.000Z,46.428997,-109.837597
1197,Lake Helena,Special Management Agreement,https://myfwp.mt.gov/fishMT/fas/39754654,No Boat Facilities,Yes,NO HUNTING,NO HUNTING,Special Management Agreements,http://fwp.mt.gov/export/sites/FwpPublic/gisResources/visitMaps/fas/39754654.pdf,2009-07-15T00:00:00.000Z,46.707122,-111.914913
1198,Grannis,Easement,https://myfwp.mt.gov/fishMT/fas/39754678,No Boat Facilities,Yes,NO HUNTING,NO HUNTING,Land-In(Easement right in anothers land),http://fwp.mt.gov/export/sites/FwpPublic/gisResources/visitMaps/fas/39754678.pdf,2010-10-27T00:00:00.000Z,45.750246,-110.49253
1199,Pine Grove Pond,Fee Title,https://myfwp.mt.gov/fishMT/fas/39754706,No Boat Facilities,No,NO HUNTING,NO HUNTING,Fee Acquisitions,http://fwp.mt.gov/export/sites/FwpPublic/gisResources/visitMaps/fas/39754706.pdf,2010-12-21T00:00:00.000Z,48.249928,-114.287398
1200,Damselfly,Easement,https://myfwp.mt.gov/fishMT/fas/39754720,Ramp (Concrete),Yes,HUNTING ALLOWED,Refer to current hunting regulations for hunting and weapons restrictions.,Land-In(Easement right in anothers land),http://fwp.mt.gov/export/sites/FwpPublic/gisResources/visitMaps/fas/39754720.pdf,2010-11-16T00:00:00.000Z,45.623208,-111.5481
1201,Paul's Memorial,Fee Title,https://myfwp.mt.gov/fishMT/fas/39754690,Ramp (Concrete),No,NO HUNTING,NO HUNTING,Fee Acquisitions,http://fwp.mt.gov/export/sites/FwpPublic/gisResources/visitMaps/fas/39754690.pdf,2006-04-26T00:00:00.000Z,48.458893,-114.024966
1202,Lone Tree,Lease,https://myfwp.mt.gov/fishMT/fas/39754656,No Boat Facilities,No,NO HUNTING,NO HUNTING,Land-In(Lease term and specified consideration),http://fwp.mt.gov/export/sites/FwpPublic/gisResources/visitMaps/fas/39754656.pdf,2009-07-20T00:00:00.000Z,47.055702,-111.965347
1203,Homestead Isle,Fee Title,https://myfwp.mt.gov/fishMT/fas/39753846,No Boat Facilities,No,HUNTING ALLOWED,Refer to current hunting regulations for hunting and weapons restrictions.,Fee Acquisitions,http://fwp.mt.gov/export/sites/FwpPublic/gisResources/visitMaps/fas/39753846.pdf,1979-09-11T00:00:00.000Z,45.606241,-108.878246
1204,Buffalo Mirage,Fee Title,https://myfwp.mt.gov/fishMT/fas/39753830,Ramp (Gravel),No,HUNTING ALLOWED,Refer to current hunting regulations for hunting and weapons restrictions.,Fee Acquisitions,http://fwp.mt.gov/export/sites/FwpPublic/gisResources/visitMaps/fas/39753830.pdf,1982-10-12T00:00:00.000Z,45.612774,-108.842065
1205,East Bridge,Fee Title,https://myfwp.mt.gov/fishMT/fas/39753818,Ramp (Concrete),No,NO HUNTING,NO HUNTING,Fee Acquisitions,http://fwp.mt.gov/export/sites/FwpPublic/gisResources/visitMaps/fas/39753818.pdf,1994-02-14T00:00:00.000Z,45.796565,-108.468253
1206,Gritty Stone,Fee Title,https://myfwp.mt.gov/fishMT/fas/39753856,Hand Launch,No,HUNTING ALLOWED,Refer to current hunting regulations for hunting and weapons restrictions.,Fee Acquisitions,http://fwp.mt.gov/export/sites/FwpPublic/gisResources/visitMaps/fas/39753856.pdf,1989-05-15T00:00:00.000Z,45.995292,-108.169392
1207,Gartside Reservoir,Easement,https://myfwp.mt.gov/fishMT/fas/39754393,Hand Launch,No,HUNTING ALLOWED,Refer to current hunting regulations for hunting and weapons restrictions.,Land-In(Easement right in anothers land),http://fwp.mt.gov/export/sites/FwpPublic/gisResources/visitMaps/fas/39754393.pdf,1977-10-31T00:00:00.000Z,47.58627,-104.271294
1208,Henneberry,Fee Title,https://myfwp.mt.gov/fishMT/fas/39753418,Ramp (Gravel),No,HUNTING ALLOWED,Refer to current hunting regulations for hunting and weapons restrictions.,Fee Acquisitions,http://fwp.mt.gov/export/sites/FwpPublic/gisResources/visitMaps/fas/39753418.pdf,1977-06-14T00:00:00.000Z,45.059701,-112.81503
1209,Pipe Organ,Lease,https://myfwp.mt.gov/fishMT/fas/39754491,Ramp (Concrete),No,NO HUNTING,NO HUNTING,Land-In(Lease term and specified consideration),http://fwp.mt.gov/export/sites/FwpPublic/gisResources/visitMaps/fas/39754491.pdf,2000-11-09T00:00:00.000Z,45.065612,-112.800387
1210,Carroll Trail,Fee Title,https://myfwp.mt.gov/fishMT/fas/39753740,No Boat Facilities,No,HUNTING ALLOWED,Refer to current hunting regulations for hunting and weapons restrictions.,Fee Acquisitions,http://fwp.mt.gov/export/sites/FwpPublic/gisResources/visitMaps/fas/39753740.pdf,1996-03-11T00:00:00.000Z,47.081765,-109.445503
1211,Bass Creek,Lease,https://myfwp.mt.gov/fishMT/fas/39754129,No Boat Facilities,No,NO HUNTING,NO HUNTING,Land-In(Lease term and specified consideration),http://fwp.mt.gov/export/sites/FwpPublic/gisResources/visitMaps/fas/39754129.pdf,2014-02-11T00:00:00.000Z,46.566744,-114.10114
1212,Forks,Easement,https://myfwp.mt.gov/fishMT/fas/39754159,Hand Launch,Yes,NO HUNTING,NO HUNTING,Land-In(Easement right in anothers land),http://fwp.mt.gov/export/sites/FwpPublic/gisResources/visitMaps/fas/39754159.pdf,1967-05-16T00:00:00.000Z,46.926252,-114.701417
1213,Bell Crossing,Fee Title,https://myfwp.mt.gov/fishMT/fas/39754137,Ramp (Gravel),No,HUNTING ALLOWED,Refer to current hunting regulations for hunting and weapons restrictions.,Fee Acquisitions,http://fwp.mt.gov/export/sites/FwpPublic/gisResources/visitMaps/fas/39754137.pdf,1978-05-05T00:00:00.000Z,46.444342,-114.126306
1214,Woodside Bridge,Fee Title,https://myfwp.mt.gov/fishMT/fas/39754109,Ramp (Concrete),No,NO HUNTING,NO HUNTING,Fee Acquisitions,http://fwp.mt.gov/export/sites/FwpPublic/gisResources/visitMaps/fas/39754109.pdf,1985-03-13T00:00:00.000Z,46.313247,-114.144836
1215,Wally Crawford,Fee Title,https://myfwp.mt.gov/fishMT/fas/39754217,Ramp (Concrete),No,NO HUNTING,NO HUNTING,Fee Acquisitions,http://fwp.mt.gov/export/sites/FwpPublic/gisResources/visitMaps/fas/39754217.pdf,1984-06-13T00:00:00.000Z,46.091789,-114.174943
1216,Dry Creek,Easement,https://myfwp.mt.gov/fishMT/fas/39754151,Ramp (Concrete),No,NO HUNTING,NO HUNTING,Land-In(Easement right in anothers land),http://fwp.mt.gov/export/sites/FwpPublic/gisResources/visitMaps/fas/39754151.pdf,1983-08-09T00:00:00.000Z,47.225246,-114.963628
1217,St. John's,Easement,https://myfwp.mt.gov/fishMT/fas/39754201,Ramp (Gravel),No,NO HUNTING,NO HUNTING,Land-In(Easement right in anothers land),http://fwp.mt.gov/export/sites/FwpPublic/gisResources/visitMaps/fas/39754201.pdf,2000-08-11T00:00:00.000Z,47.012592,-114.5427
1218,Cyr Bridge,Fee Title,https://myfwp.mt.gov/fishMT/fas/39754149,Raft Slide Launch,No,NO HUNTING,NO HUNTING,Fee Acquisitions,http://fwp.mt.gov/export/sites/FwpPublic/gisResources/visitMaps/fas/39754149.pdf,1986-07-03T00:00:00.000Z,47.005287,-114.579152
1219,Kohrs Bend,Fee Title,https://myfwp.mt.gov/fishMT/fas/39754169,Hand Launch,No,NO HUNTING,NO HUNTING,Fee Acquisitions,http://fwp.mt.gov/export/sites/FwpPublic/gisResources/visitMaps/fas/39754169.pdf,1975-09-24T00:00:00.000Z,46.498737,-112.74102
1220,Arapooish,Fee Title,https://myfwp.mt.gov/fishMT/fas/39753824,Ramp (Concrete),No,HUNTING ALLOWED,Refer to current hunting regulations for hunting and weapons restrictions.,Fee Acquisitions,http://fwp.mt.gov/export/sites/FwpPublic/gisResources/visitMaps/fas/39753824.pdf,1972-07-10T00:00:00.000Z,45.753831,-107.567958
1221,Mallard's Landing,Fee Title,https://myfwp.mt.gov/fishMT/fas/39753860,Ramp (Concrete),Yes,HUNTING ALLOWED,Refer to current hunting regulations for hunting and weapons restrictions.,Fee Acquisitions,http://fwp.mt.gov/export/sites/FwpPublic/gisResources/visitMaps/fas/39753860.pdf,1986-12-23T00:00:00.000Z,45.521491,-107.724285
1222,Glasgow Base Pond,Easement,https://myfwp.mt.gov/fishMT/fas/39754325,"Dock, Hand Launch",Yes,HUNTING ALLOWED,Refer to current hunting regulations for hunting and weapons restrictions.,Land-In(Easement right in anothers land),http://fwp.mt.gov/export/sites/FwpPublic/gisResources/visitMaps/fas/39754325.pdf,1986-09-24T00:00:00.000Z,48.448681,-106.576965
1223,Duck Creek,Lease,https://myfwp.mt.gov/fishMT/fas/39754329,Ramp (Concrete),No,NO HUNTING,NO HUNTING,Land-In(Lease term and specified consideration),http://fwp.mt.gov/export/sites/FwpPublic/gisResources/visitMaps/fas/39754329.pdf,2015-01-05T00:00:00.000Z,47.986129,-106.525215
1224,Rosebud West,Fee Title,https://myfwp.mt.gov/fishMT/fas/39754403,Ramp (Concrete),No,NO HUNTING,NO HUNTING,Fee Acquisitions,http://fwp.mt.gov/export/sites/FwpPublic/gisResources/visitMaps/fas/39754403.pdf,1968-04-25T00:00:00.000Z,46.263193,-106.694693
1225,Whitetail Reservoir,Fee Title,https://myfwp.mt.gov/fishMT/fas/39754311,Ramp (Gravel),No,HUNTING ALLOWED,Refer to current hunting regulations for hunting and weapons restrictions.,Fee Acquisitions,http://fwp.mt.gov/export/sites/FwpPublic/gisResources/visitMaps/fas/39754311.pdf,1963-08-05T00:00:00.000Z,48.891408,-105.156651
1226,Kinsey Bridge,Fee Title,https://myfwp.mt.gov/fishMT/fas/39754397,Ramp (Concrete),No,HUNTING ALLOWED,Refer to current hunting regulations for hunting and weapons restrictions.,Fee Acquisitions,http://fwp.mt.gov/export/sites/FwpPublic/gisResources/visitMaps/fas/39754397.pdf,1986-10-30T00:00:00.000Z,46.533592,-105.712905
1227,Little Blackfoot,Fee Title,https://myfwp.mt.gov/fishMT/fas/39754607,No Boat Facilities,No,NO HUNTING,NO HUNTING,Fee Acquisitions,http://fwp.mt.gov/export/sites/FwpPublic/gisResources/visitMaps/fas/39754607.pdf,2005-07-27T00:00:00.000Z,46.568769,-112.665899
1228,Bonfield,Fee Title,https://myfwp.mt.gov/fishMT/fas/39754401,Ramp (Concrete),Yes,HUNTING ALLOWED,Refer to current hunting regulations for hunting and weapons restrictions.,Fee Acquisitions,http://fwp.mt.gov/export/sites/FwpPublic/gisResources/visitMaps/fas/39754401.pdf,1989-01-06T00:00:00.000Z,46.631396,-105.567852
1229,Roche Jaune,Fee Title,https://myfwp.mt.gov/fishMT/fas/39754385,Ramp (Concrete),No,NO HUNTING,NO HUNTING,Fee Acquisitions,http://fwp.mt.gov/export/sites/FwpPublic/gisResources/visitMaps/fas/39754385.pdf,1977-12-08T00:00:00.000Z,46.420812,-105.856635
1230,Twelve Mile Dam,Fee Title,https://myfwp.mt.gov/fishMT/fas/39754387,No Boat Facilities,Yes,HUNTING ALLOWED,Refer to current hunting regulations for hunting and weapons restrictions.,Fee Acquisitions,http://fwp.mt.gov/export/sites/FwpPublic/gisResources/visitMaps/fas/39754387.pdf,1979-04-02T00:00:00.000Z,46.246894,-105.749912
1231,Limespur,Fee Title,https://myfwp.mt.gov/fishMT/fas/39753430,No Boat Facilities,No,HUNTING ALLOWED,Refer to current hunting regulations for hunting and weapons restrictions.,Fee Acquisitions,http://fwp.mt.gov/export/sites/FwpPublic/gisResources/visitMaps/fas/39753430.pdf,1992-11-09T00:00:00.000Z,45.82255,-111.874927
1232,St. Regis,Lease,https://myfwp.mt.gov/fishMT/fas/39754205,Ramp (Concrete),No,NO HUNTING,NO HUNTING,Land-In(Lease term and specified consideration),http://fwp.mt.gov/export/sites/FwpPublic/gisResources/visitMaps/fas/39754205.pdf,1993-09-09T00:00:00.000Z,47.30198,-115.088038
1233,Big Eddy,Fee Title,https://myfwp.mt.gov/fishMT/fas/39754113,Ramp (Gravel),No,NO HUNTING,NO HUNTING,Fee Acquisitions,http://fwp.mt.gov/export/sites/FwpPublic/gisResources/visitMaps/fas/39754113.pdf,1994-07-12T00:00:00.000Z,47.19337,-114.879883
1234,Tarkio,Fee Title,https://myfwp.mt.gov/fishMT/fas/39754209,Ramp (Concrete),No,NO HUNTING,NO HUNTING,Fee Acquisitions,http://fwp.mt.gov/export/sites/FwpPublic/gisResources/visitMaps/fas/39754209.pdf,1992-11-24T00:00:00.000Z,47.013776,-114.737364
1235,Far West,Lease,https://myfwp.mt.gov/fishMT/fas/39754407,Ramp (Concrete),Yes,HUNTING ALLOWED,Refer to current hunting regulations for hunting and weapons restrictions.,Land-In(Lease term and specified consideration),http://fwp.mt.gov/export/sites/FwpPublic/gisResources/visitMaps/fas/39754407.pdf,2015-04-06T00:00:00.000Z,46.280294,-106.484249
1236,Big Casino Creek Reservoir,Easement,https://myfwp.mt.gov/fishMT/fas/39753658,Hand Launch,No,NO HUNTING,NO HUNTING,Land-In(Easement right in anothers land),http://fwp.mt.gov/export/sites/FwpPublic/gisResources/visitMaps/fas/39753658.pdf,1993-04-20T00:00:00.000Z,47.036399,-109.428368
1237,Milwaukee,Fee Title,https://myfwp.mt.gov/fishMT/fas/39753570,Ramp (Gravel),No,NO HUNTING,NO HUNTING,Fee Acquisitions,http://fwp.mt.gov/export/sites/FwpPublic/gisResources/visitMaps/fas/39753570.pdf,1979-03-07T00:00:00.000Z,45.898603,-111.526292
1238,Bearpaw Lake,Easement,https://myfwp.mt.gov/fishMT/fas/39754321,No Boat Facilities,Yes,NO HUNTING,NO HUNTING,Land-In(Easement right in anothers land),http://fwp.mt.gov/export/sites/FwpPublic/gisResources/visitMaps/fas/39754321.pdf,2004-05-20T00:00:00.000Z,48.317,-109.657763
1239,Arod Lake,Easement,https://myfwp.mt.gov/fishMT/fas/39753642,Ramp (Gravel),Yes,HUNTING ALLOWED,Refer to current hunting regulations for hunting and weapons restrictions.,Land-In(Easement right in anothers land),http://fwp.mt.gov/export/sites/FwpPublic/gisResources/visitMaps/fas/39753642.pdf,1958-09-26T00:00:00.000Z,47.995515,-112.028434
1240,Ulm Bridge,Easement,https://myfwp.mt.gov/fishMT/fas/39753698,Ramp (Concrete),No,HUNTING ALLOWED,Refer to current hunting regulations for hunting and weapons restrictions.,Land-In(Easement right in anothers land),http://fwp.mt.gov/export/sites/FwpPublic/gisResources/visitMaps/fas/39753698.pdf,1988-07-07T00:00:00.000Z,47.429911,-111.49899
1241,Greenwood Bottoms,Fee Title,https://myfwp.mt.gov/fishMT/fas/39753548,No Boat Facilities,Yes,HUNTING ALLOWED,Refer to current hunting regulations for hunting and weapons restrictions.,Fee Acquisitions,http://fwp.mt.gov/export/sites/FwpPublic/gisResources/visitMaps/fas/39753548.pdf,1987-05-06T00:00:00.000Z,45.77808,-112.837532
1242,Powerhouse,Fee Title,https://myfwp.mt.gov/fishMT/fas/39753514,Ramp (Concrete),No,NO HUNTING,NO HUNTING,Fee Acquisitions,http://fwp.mt.gov/export/sites/FwpPublic/gisResources/visitMaps/fas/39753514.pdf,1990-10-08T00:00:00.000Z,45.760035,-112.801173
1243,Cobblestone,Fee Title,https://myfwp.mt.gov/fishMT/fas/39753512,No Boat Facilities,No,HUNTING ALLOWED,Refer to current hunting regulations for hunting and weapons restrictions.,Fee Acquisitions,http://fwp.mt.gov/export/sites/FwpPublic/gisResources/visitMaps/fas/39753512.pdf,1976-08-24T00:00:00.000Z,45.772934,-111.515813
1244,Carter Ferry,Fee Title,https://myfwp.mt.gov/fishMT/fas/39753640,Ramp (Gravel),No,HUNTING ALLOWED,Refer to current hunting regulations for hunting and weapons restrictions.,Fee Acquisitions,http://fwp.mt.gov/export/sites/FwpPublic/gisResources/visitMaps/fas/39753640.pdf,1969-10-28T00:00:00.000Z,47.755858,-110.899011
1245,Pishkun Reservoir,Lease,https://myfwp.mt.gov/fishMT/fas/39753624,Ramp (Concrete),Yes,HUNTING ALLOWED,Refer to current hunting regulations for hunting and weapons restrictions.,Land-In(Lease term and specified consideration),http://fwp.mt.gov/export/sites/FwpPublic/gisResources/visitMaps/fas/39753624.pdf,1970-12-08T00:00:00.000Z,47.68188,-112.46534
1246,Intake Dam,Lease,https://myfwp.mt.gov/fishMT/fas/39754381,Ramp (Gravel),Yes,HUNTING ALLOWED,Refer to current hunting regulations for hunting and weapons restrictions.,Land-In(Lease term and specified consideration),http://fwp.mt.gov/export/sites/FwpPublic/gisResources/visitMaps/fas/39754381.pdf,1969-03-18T00:00:00.000Z,47.284328,-104.519343
1247,Spite Hill,Fee Title,https://myfwp.mt.gov/fishMT/fas/39753720,Ramp (Gravel),Yes,HUNTING ALLOWED,Refer to current hunting regulations for hunting and weapons restrictions.,Fee Acquisitions,http://fwp.mt.gov/export/sites/FwpPublic/gisResources/visitMaps/fas/39753720.pdf,1990-02-08T00:00:00.000Z,47.12113,-111.937358
1248,Kelly Island,Fee Title,https://myfwp.mt.gov/fishMT/fas/39754163,Ramp (Concrete),No,HUNTING ALLOWED,Refer to current hunting regulations for hunting and weapons restrictions.,Fee Acquisitions,http://fwp.mt.gov/export/sites/FwpPublic/gisResources/visitMaps/fas/39754163.pdf,1973-12-27T00:00:00.000Z,46.866871,-114.100055
1249,Selkirk,Fee Title,https://myfwp.mt.gov/fishMT/fas/39753808,Ramp (Primitive),Yes,HUNTING ALLOWED,Refer to current hunting regulations for hunting and weapons restrictions.,Fee Acquisitions,http://fwp.mt.gov/export/sites/FwpPublic/gisResources/visitMaps/fas/39753808.pdf,1965-10-20T00:00:00.000Z,46.464673,-110.223775
1250,South Sandstone,Easement,https://myfwp.mt.gov/fishMT/fas/39754405,Ramp (Concrete),Yes,HUNTING ALLOWED,Refer to current hunting regulations for hunting and weapons restrictions.,Land-In(Easement right in anothers land),http://fwp.mt.gov/export/sites/FwpPublic/gisResources/visitMaps/fas/39754405.pdf,1975-02-28T00:00:00.000Z,46.332563,-104.474153
1251,Hannon Memorial,Fee Title,https://myfwp.mt.gov/fishMT/fas/39754135,Hand Launch,Yes,NO HUNTING,NO HUNTING,Fee Acquisitions,http://fwp.mt.gov/export/sites/FwpPublic/gisResources/visitMaps/fas/39754135.pdf,1973-05-04T00:00:00.000Z,45.97283,-114.140114
1252,Gallatin Forks,Fee Title,https://myfwp.mt.gov/fishMT/fas/39753544,Ramp (Gravel),No,HUNTING ALLOWED,Refer to current hunting regulations for hunting and weapons restrictions.,Fee Acquisitions,http://fwp.mt.gov/export/sites/FwpPublic/gisResources/visitMaps/fas/39753544.pdf,1976-08-05T00:00:00.000Z,45.8898,-111.327819
1253,Big Rock,Fee Title,https://myfwp.mt.gov/fishMT/fas/39753804,Hand Launch,Yes,HUNTING ALLOWED,Refer to current hunting regulations for hunting and weapons restrictions.,Fee Acquisitions,http://fwp.mt.gov/export/sites/FwpPublic/gisResources/visitMaps/fas/39753804.pdf,1975-07-22T00:00:00.000Z,45.792938,-109.964477
1254,Grey Bear,Fee Title,https://myfwp.mt.gov/fishMT/fas/39753844,Ramp (Gravel),Yes,HUNTING ALLOWED,Refer to current hunting regulations for hunting and weapons restrictions.,Fee Acquisitions,http://fwp.mt.gov/export/sites/FwpPublic/gisResources/visitMaps/fas/39753844.pdf,1966-10-06T00:00:00.000Z,45.786412,-110.066365
1255,Pelican,Fee Title,https://myfwp.mt.gov/fishMT/fas/39753866,Ramp (Concrete),Yes,HUNTING ALLOWED,Refer to current hunting regulations for hunting and weapons restrictions.,Fee Acquisitions,http://fwp.mt.gov/export/sites/FwpPublic/gisResources/visitMaps/fas/39753866.pdf,1977-09-12T00:00:00.000Z,45.752771,-109.767649
1256,Greycliff,Fee Title,https://myfwp.mt.gov/fishMT/fas/39753468,Ramp (Gravel),Yes,HUNTING ALLOWED,Refer to current hunting regulations for hunting and weapons restrictions.,Fee Acquisitions,http://fwp.mt.gov/export/sites/FwpPublic/gisResources/visitMaps/fas/39753468.pdf,1958-05-05T00:00:00.000Z,45.701919,-111.514191
1257,Bratten,Fee Title,https://myfwp.mt.gov/fishMT/fas/39753810,Ramp (Gravel),Yes,HUNTING ALLOWED,Refer to current hunting regulations for hunting and weapons restrictions.,Fee Acquisitions,http://fwp.mt.gov/export/sites/FwpPublic/gisResources/visitMaps/fas/39753810.pdf,1970-11-13T00:00:00.000Z,45.716697,-109.630179
1258,Maidenrock,Fee Title,https://myfwp.mt.gov/fishMT/fas/39753424,Ramp (Gravel),Yes,HUNTING ALLOWED,Refer to current hunting regulations for hunting and weapons restrictions.,Fee Acquisitions,http://fwp.mt.gov/export/sites/FwpPublic/gisResources/visitMaps/fas/39753424.pdf,1967-05-29T00:00:00.000Z,45.655589,-112.696119
1259,Boulder Forks,Fee Title,https://myfwp.mt.gov/fishMT/fas/39753826,Hand Launch,Yes,HUNTING ALLOWED,Refer to current hunting regulations for hunting and weapons restrictions.,Fee Acquisitions,http://fwp.mt.gov/export/sites/FwpPublic/gisResources/visitMaps/fas/39753826.pdf,1976-09-27T00:00:00.000Z,45.657698,-110.108732
1260,Fireman's Point,Fee Title,https://myfwp.mt.gov/fishMT/fas/39753802,Raft Slide Launch,Yes,HUNTING ALLOWED,Refer to current hunting regulations for hunting and weapons restrictions.,Fee Acquisitions,http://fwp.mt.gov/export/sites/FwpPublic/gisResources/visitMaps/fas/39753802.pdf,1968-03-25T00:00:00.000Z,45.617152,-109.296269
1261,Swinging Bridge,Fee Title,https://myfwp.mt.gov/fishMT/fas/39753874,Hand Launch,Yes,NO HUNTING,NO HUNTING,Fee Acquisitions,http://fwp.mt.gov/export/sites/FwpPublic/gisResources/visitMaps/fas/39753874.pdf,1959-03-05T00:00:00.000Z,45.584318,-109.331633
1262,Absaroka,Fee Title,https://myfwp.mt.gov/fishMT/fas/39753820,Hand Launch,No,NO HUNTING,NO HUNTING,Fee Acquisitions,http://fwp.mt.gov/export/sites/FwpPublic/gisResources/visitMaps/fas/39753820.pdf,1958-09-18T00:00:00.000Z,45.528871,-109.468392
1263,Cliff Swallow,Fee Title,https://myfwp.mt.gov/fishMT/fas/39753840,Hand Launch,Yes,HUNTING ALLOWED,Refer to current hunting regulations for hunting and weapons restrictions.,Fee Acquisitions,http://fwp.mt.gov/export/sites/FwpPublic/gisResources/visitMaps/fas/39753840.pdf,1970-06-16T00:00:00.000Z,45.514924,-109.632097
1264,Castle Rock,Fee Title,https://myfwp.mt.gov/fishMT/fas/39753838,Hand Launch,Yes,HUNTING ALLOWED,Refer to current hunting regulations for hunting and weapons restrictions.,Fee Acquisitions,http://fwp.mt.gov/export/sites/FwpPublic/gisResources/visitMaps/fas/39753838.pdf,1965-02-03T00:00:00.000Z,45.473033,-109.741052
1265,Bighorn,Fee Title,https://myfwp.mt.gov/fishMT/fas/39753822,Ramp (Concrete),Yes,HUNTING ALLOWED,Refer to current hunting regulations for hunting and weapons restrictions.,Fee Acquisitions,http://fwp.mt.gov/export/sites/FwpPublic/gisResources/visitMaps/fas/39753822.pdf,1969-08-21T00:00:00.000Z,45.414604,-107.786494
1266,Water Birch,Fee Title,https://myfwp.mt.gov/fishMT/fas/39753878,Hand Launch,Yes,HUNTING ALLOWED,Refer to current hunting regulations for hunting and weapons restrictions.,Fee Acquisitions,http://fwp.mt.gov/export/sites/FwpPublic/gisResources/visitMaps/fas/39753878.pdf,1959-12-11T00:00:00.000Z,45.314762,-109.191978
1267,Bull Springs,Fee Title,https://myfwp.mt.gov/fishMT/fas/39753832,No Boat Facilities,No,HUNTING ALLOWED,Refer to current hunting regulations for hunting and weapons restrictions.,Fee Acquisitions,http://fwp.mt.gov/export/sites/FwpPublic/gisResources/visitMaps/fas/39753832.pdf,1959-12-21T00:00:00.000Z,45.278504,-109.2096
1268,Beaver Lodge,Fee Title,https://myfwp.mt.gov/fishMT/fas/39753812,Hand Launch,No,HUNTING ALLOWED,Refer to current hunting regulations for hunting and weapons restrictions.,Fee Acquisitions,http://fwp.mt.gov/export/sites/FwpPublic/gisResources/visitMaps/fas/39753812.pdf,1960-01-29T00:00:00.000Z,45.264735,-109.219513
1269,Poindexter Slough,Fee Title,https://myfwp.mt.gov/fishMT/fas/39753408,No Boat Facilities,No,HUNTING ALLOWED,Refer to current hunting regulations for hunting and weapons restrictions.,Fee Acquisitions,http://fwp.mt.gov/export/sites/FwpPublic/gisResources/visitMaps/fas/39753408.pdf,1979-07-17T00:00:00.000Z,45.185478,-112.678782
1270,Horsethief Station,Fee Title,https://myfwp.mt.gov/fishMT/fas/39753848,No Boat Facilities,Yes,HUNTING ALLOWED,Refer to current hunting regulations for hunting and weapons restrictions.,Fee Acquisitions,http://fwp.mt.gov/export/sites/FwpPublic/gisResources/visitMaps/fas/39753848.pdf,1960-02-05T00:00:00.000Z,45.237403,-109.231808
1271,Deadman's Basin,Easement,https://myfwp.mt.gov/fishMT/fas/39754263,Ramp (Concrete),Yes,HUNTING ALLOWED,Refer to current hunting regulations for hunting and weapons restrictions.,Land-In(Easement right in anothers land),http://fwp.mt.gov/export/sites/FwpPublic/gisResources/visitMaps/fas/39754263.pdf,1967-03-13T00:00:00.000Z,46.328723,-109.432017
1272,Highway 89 Bridge,Easement,https://myfwp.mt.gov/fishMT/fas/39753556,Ramp (Concrete),No,NO HUNTING,NO HUNTING,Land-In(Easement right in anothers land),http://fwp.mt.gov/export/sites/FwpPublic/gisResources/visitMaps/fas/39753556.pdf,1988-03-09T00:00:00.000Z,45.71724,-110.466415
1273,Sportsman's Park,Lease,https://myfwp.mt.gov/fishMT/fas/39753482,No Boat Facilities,Yes,NO HUNTING,NO HUNTING,Land-In(Lease term and specified consideration),http://fwp.mt.gov/export/sites/FwpPublic/gisResources/visitMaps/fas/39753482.pdf,2015-03-01T00:00:00.000Z,45.885352,-113.16615
1274,Hruska,Fee Title,https://myfwp.mt.gov/fishMT/fas/39753688,No Boat Facilities,No,HUNTING ALLOWED,Refer to current hunting regulations for hunting and weapons restrictions.,Fee Acquisitions,http://fwp.mt.gov/export/sites/FwpPublic/gisResources/visitMaps/fas/39753688.pdf,1972-08-08T00:00:00.000Z,47.111268,-109.505755
1275,Dunes,Easement,https://myfwp.mt.gov/fishMT/fas/39753696,Hand Launch,No,HUNTING ALLOWED,Refer to current hunting regulations for hunting and weapons restrictions.,Land-In(Easement right in anothers land),http://fwp.mt.gov/export/sites/FwpPublic/gisResources/visitMaps/fas/39753696.pdf,1989-01-09T00:00:00.000Z,47.404431,-111.531412
1276,Thibodeau Rapids,Special Management Agreement,https://myfwp.mt.gov/fishMT/fas/39753892,No Boat Facilities,Yes,NO HUNTING,NO HUNTING,Special Management Agreements,http://fwp.mt.gov/export/sites/FwpPublic/gisResources/visitMaps/fas/39753892.pdf,2006-08-04T00:00:00.000Z,46.952889,-113.618676
1277,Sheep Flats,Special Management Agreement,https://myfwp.mt.gov/fishMT/fas/39753890,No Boat Facilities,Yes,NO HUNTING,NO HUNTING,Special Management Agreements,http://fwp.mt.gov/export/sites/FwpPublic/gisResources/visitMaps/fas/39753890.pdf,2006-08-04T00:00:00.000Z,46.948811,-113.628005
1278,Red Rocks,Special Management Agreement,https://myfwp.mt.gov/fishMT/fas/39753894,No Boat Facilities,Yes,NO HUNTING,NO HUNTING,Special Management Agreements,http://fwp.mt.gov/export/sites/FwpPublic/gisResources/visitMaps/fas/39753894.pdf,2006-08-04T00:00:00.000Z,46.942603,-113.59987
1279,Roundup,Lease,https://myfwp.mt.gov/fishMT/fas/39753898,Raft Slide Launch,Yes,NO HUNTING,NO HUNTING,Land-In(Lease term and specified consideration),http://fwp.mt.gov/export/sites/FwpPublic/gisResources/visitMaps/fas/39753898.pdf,2016-10-26T00:00:00.000Z,46.945992,-113.43312
1280,Six Stall,Lease,https://myfwp.mt.gov/fishMT/fas/39754597,No Boat Facilities,Yes,NO HUNTING,NO HUNTING,Land-In(Lease term and specified consideration),http://fwp.mt.gov/export/sites/FwpPublic/gisResources/visitMaps/fas/39754597.pdf,2005-06-09T00:00:00.000Z,46.965486,-113.378869
1281,Eureka Reservoir,Lease,https://myfwp.mt.gov/fishMT/fas/39753674,Ramp (Concrete),Yes,HUNTING ALLOWED,Refer to current hunting regulations for hunting and weapons restrictions.,Land-In(Lease term and specified consideration),http://fwp.mt.gov/export/sites/FwpPublic/gisResources/visitMaps/fas/39753674.pdf,2014-09-01T00:00:00.000Z,47.877729,-112.314084
1282,Bynum Reservoir,Easement,https://myfwp.mt.gov/fishMT/fas/39753684,Ramp (Concrete),Yes,HUNTING ALLOWED,Refer to current hunting regulations for hunting and weapons restrictions.,Land-In(Easement right in anothers land),http://fwp.mt.gov/export/sites/FwpPublic/gisResources/visitMaps/fas/39753684.pdf,1980-10-16T00:00:00.000Z,47.959894,-112.405448
1283,Fort Shaw,Lease,https://myfwp.mt.gov/fishMT/fas/39753682,Hand Launch,No,HUNTING ALLOWED,Refer to current hunting regulations for hunting and weapons restrictions.,Land-In(Lease term and specified consideration),http://fwp.mt.gov/export/sites/FwpPublic/gisResources/visitMaps/fas/39753682.pdf,2014-02-01T00:00:00.000Z,47.513759,-111.815332
1284,Loma Bridge,Fee Title,https://myfwp.mt.gov/fishMT/fas/39753692,Ramp (Gravel),No,NO HUNTING,NO HUNTING,Fee Acquisitions,http://fwp.mt.gov/export/sites/FwpPublic/gisResources/visitMaps/fas/39753692.pdf,1996-03-01T00:00:00.000Z,47.931919,-110.505483
1285,Fresno Tailwater,Fee Title,https://myfwp.mt.gov/fishMT/fas/39754315,Ramp (Gravel),Yes,HUNTING ALLOWED,Refer to current hunting regulations for hunting and weapons restrictions.,Fee Acquisitions,http://fwp.mt.gov/export/sites/FwpPublic/gisResources/visitMaps/fas/39754315.pdf,1975-07-23T00:00:00.000Z,48.598386,-109.941007
1286,Lower Carter Pond,Easement,https://myfwp.mt.gov/fishMT/fas/39753668,Hand Launch,No,HUNTING ALLOWED,Refer to current hunting regulations for hunting and weapons restrictions.,Land-In(Easement right in anothers land),http://fwp.mt.gov/export/sites/FwpPublic/gisResources/visitMaps/fas/39753668.pdf,1964-06-30T00:00:00.000Z,47.143752,-109.429411
1287,Upper Carter Pond,Fee Title,https://myfwp.mt.gov/fishMT/fas/39753670,Ramp (Gravel),No,HUNTING ALLOWED,Refer to current hunting regulations for hunting and weapons restrictions.,Fee Acquisitions,http://fwp.mt.gov/export/sites/FwpPublic/gisResources/visitMaps/fas/39753670.pdf,1963-05-24T00:00:00.000Z,47.155059,-109.427871
1288,Martinsdale Reservoir,Fee Title,https://myfwp.mt.gov/fishMT/fas/39753678,Ramp (Concrete),Yes,HUNTING ALLOWED,Refer to current hunting regulations for hunting and weapons restrictions.,Fee Acquisitions,http://fwp.mt.gov/export/sites/FwpPublic/gisResources/visitMaps/fas/39753678.pdf,1979-06-05T00:00:00.000Z,46.450618,-110.282139
1289,Free River,Fee Title,https://myfwp.mt.gov/fishMT/fas/39753542,No Boat Facilities,No,HUNTING ALLOWED,Refer to current hunting regulations for hunting and weapons restrictions.,Fee Acquisitions,http://fwp.mt.gov/export/sites/FwpPublic/gisResources/visitMaps/fas/39753542.pdf,1980-12-31T00:00:00.000Z,45.607267,-110.573417
1290,Carter's Bridge,Fee Title,https://myfwp.mt.gov/fishMT/fas/39753508,Ramp (Gravel),No,NO HUNTING,NO HUNTING,Fee Acquisitions,http://fwp.mt.gov/export/sites/FwpPublic/gisResources/visitMaps/fas/39753508.pdf,1977-05-06T00:00:00.000Z,45.597008,-110.565042
1291,Pine Creek,Fee Title,https://myfwp.mt.gov/fishMT/fas/39753434,Ramp (Concrete),No,NO HUNTING,NO HUNTING,Fee Acquisitions,http://fwp.mt.gov/export/sites/FwpPublic/gisResources/visitMaps/fas/39753434.pdf,1982-04-30T00:00:00.000Z,45.511829,-110.583427
1292,Sheep Mountain,Fee Title,https://myfwp.mt.gov/fishMT/fas/39753470,Ramp (Gravel),No,NO HUNTING,NO HUNTING,Fee Acquisitions,http://fwp.mt.gov/export/sites/FwpPublic/gisResources/visitMaps/fas/39753470.pdf,1963-12-31T00:00:00.000Z,45.730571,-110.407061
1293,Springdale Bridge,Fee Title,https://myfwp.mt.gov/fishMT/fas/39753416,Ramp (Gravel),No,NO HUNTING,NO HUNTING,Fee Acquisitions,http://fwp.mt.gov/export/sites/FwpPublic/gisResources/visitMaps/fas/39753416.pdf,1979-02-19T00:00:00.000Z,45.743538,-110.231363
1294,Point of Rocks,Easement,https://myfwp.mt.gov/fishMT/fas/39753466,Ramp (Gravel),No,HUNTING ALLOWED,Refer to current hunting regulations for hunting and weapons restrictions.,Land-In(Easement right in anothers land),http://fwp.mt.gov/export/sites/FwpPublic/gisResources/visitMaps/fas/39753466.pdf,1982-05-26T00:00:00.000Z,45.254766,-110.869412
1295,Slip & Slide,Fee Title,https://myfwp.mt.gov/fishMT/fas/39753454,No Boat Facilities,No,NO HUNTING,NO HUNTING,Fee Acquisitions,http://fwp.mt.gov/export/sites/FwpPublic/gisResources/visitMaps/fas/39753454.pdf,1986-04-18T00:00:00.000Z,45.165642,-110.840279
1296,Brogan's Landing,Fee Title,https://myfwp.mt.gov/fishMT/fas/39753522,Ramp (Gravel),No,NO HUNTING,NO HUNTING,Fee Acquisitions,http://fwp.mt.gov/export/sites/FwpPublic/gisResources/visitMaps/fas/39753522.pdf,1969-02-12T00:00:00.000Z,45.102018,-110.78229
1297,Queen of the Waters,Fee Title,https://myfwp.mt.gov/fishMT/fas/39753436,No Boat Facilities,No,NO HUNTING,NO HUNTING,Fee Acquisitions,http://fwp.mt.gov/export/sites/FwpPublic/gisResources/visitMaps/fas/39753436.pdf,1969-08-05T00:00:00.000Z,45.04378,-110.731643
1298,Emigrant,Fee Title,https://myfwp.mt.gov/fishMT/fas/39753530,Ramp (Gravel),No,NO HUNTING,NO HUNTING,Fee Acquisitions,http://fwp.mt.gov/export/sites/FwpPublic/gisResources/visitMaps/fas/39753530.pdf,1962-08-23T00:00:00.000Z,45.367042,-110.725512
1299,Emigrant West,Fee Title,https://myfwp.mt.gov/fishMT/fas/39753532,No Boat Facilities,No,HUNTING ALLOWED,Refer to current hunting regulations for hunting and weapons restrictions.,Fee Acquisitions,http://fwp.mt.gov/export/sites/FwpPublic/gisResources/visitMaps/fas/39753532.pdf,1979-06-12T00:00:00.000Z,45.376578,-110.724386
1300,Weigh Station,Fee Title,https://myfwp.mt.gov/fishMT/fas/39754561,Ramp (Concrete),Yes,NO HUNTING,NO HUNTING,Fee Acquisitions,http://fwp.mt.gov/export/sites/FwpPublic/gisResources/visitMaps/fas/39754561.pdf,2004-06-02T00:00:00.000Z,46.879704,-113.852493
1301,Widow Coulee,Lease,https://myfwp.mt.gov/fishMT/fas/39754569,Ramp (Concrete),No,NO HUNTING,NO HUNTING,Land-In(Lease term and specified consideration),http://fwp.mt.gov/export/sites/FwpPublic/gisResources/visitMaps/fas/39754569.pdf,2012-03-08T00:00:00.000Z,47.627852,-111.031883
1302,Shady Lane,Fee Title,https://myfwp.mt.gov/fishMT/fas/39754585,No Boat Facilities,No,NO HUNTING,NO HUNTING,Fee Acquisitions,http://fwp.mt.gov/export/sites/FwpPublic/gisResources/visitMaps/fas/39754585.pdf,2004-11-30T00:00:00.000Z,48.21127,-114.262442
1303,Angler's Roost,Special Management Agreement,https://myfwp.mt.gov/fishMT/fas/39753889,Ramp (Concrete),Yes,NO HUNTING,NO HUNTING,Special Management Agreements,http://fwp.mt.gov/export/sites/FwpPublic/gisResources/visitMaps/fas/39753889.pdf,2018-07-01T00:00:00.000Z,46.198936,-114.169441
1304,Echo Lake,Easement,https://myfwp.mt.gov/fishMT/fas/39754619,"Dock, Ramp (Concrete)",Yes,NO HUNTING,NO HUNTING,Land-In(Easement right in anothers land),http://fwp.mt.gov/export/sites/FwpPublic/gisResources/visitMaps/fas/39754619.pdf,2006-06-19T00:00:00.000Z,48.130626,-114.037996
1305,Walstad,Fee Title,https://myfwp.mt.gov/fishMT/fas/39754043,"Ramp (Concrete), Dock",No,NO HUNTING,NO HUNTING,Fee Acquisitions,http://fwp.mt.gov/export/sites/FwpPublic/gisResources/visitMaps/fas/39754043.pdf,1967-07-02T00:00:00.000Z,47.811279,-114.265505
1306,Upper Prickly Pear,Fee Title,https://myfwp.mt.gov/fishMT/fas/39754714,No Boat Facilities,Yes,HUNTING ALLOWED,Refer to current hunting regulations for hunting and weapons restrictions.,Fee Acquisitions,http://fwp.mt.gov/export/sites/FwpPublic/gisResources/visitMaps/fas/39754714.pdf,2014-09-25T00:00:00.000Z,46.634845,-111.979182
1307,Harper's Bridge,Fee Title,https://myfwp.mt.gov/fishMT/fas/39754255,Ramp (Concrete),Yes,NO HUNTING,NO HUNTING,Fee Acquisitions,http://fwp.mt.gov/export/sites/FwpPublic/gisResources/visitMaps/fas/39754255.pdf,2008-12-10T00:00:00.000Z,46.931511,-114.207792
1308,Sunny Brook Springs,Fee Title,https://myfwp.mt.gov/fishMT/fas/39754529,No Boat Facilities,Yes,NO HUNTING,NO HUNTING,Fee Acquisitions,http://fwp.mt.gov/export/sites/FwpPublic/gisResources/visitMaps/fas/39754529.pdf,2001-12-21T00:00:00.000Z,45.30888,-110.890902
1309,Black Bridge,Lease,https://myfwp.mt.gov/fishMT/fas/39754623,Ramp (Concrete),Yes,NO HUNTING,NO HUNTING,Land-In(Lease term and specified consideration),http://fwp.mt.gov/export/sites/FwpPublic/gisResources/visitMaps/fas/39754623.pdf,2006-07-05T00:00:00.000Z,47.099942,-104.726664
1310,Four Corners,Fee Title,https://myfwp.mt.gov/fishMT/fas/39753540,No Boat Facilities,No,HUNTING ALLOWED,Refer to current hunting regulations for hunting and weapons restrictions.,Fee Acquisitions,http://fwp.mt.gov/export/sites/FwpPublic/gisResources/visitMaps/fas/39753540.pdf,1964-12-22T00:00:00.000Z,45.859963,-111.290057
1311,Bozeman Pond,Fee Title,https://myfwp.mt.gov/fishMT/fas/39753336,No Boat Facilities,No,NO HUNTING,NO HUNTING,Fee Acquisitions,http://fwp.mt.gov/export/sites/FwpPublic/gisResources/visitMaps/fas/39753336.pdf,1953-03-30T00:00:00.000Z,45.673774,-111.081245
1312,York Bridge,Fee Title,https://myfwp.mt.gov/fishMT/fas/39753478,Ramp (Concrete),No,NO HUNTING,NO HUNTING,Fee Acquisitions,http://fwp.mt.gov/export/sites/FwpPublic/gisResources/visitMaps/fas/39753478.pdf,1987-09-09T00:00:00.000Z,46.71143,-111.811658
1313,Helena Valley Reservoir,Lease,https://myfwp.mt.gov/fishMT/fas/39753474,Ramp (Gravel),No,HUNTING ALLOWED,Refer to current hunting regulations for hunting and weapons restrictions.,Land-In(Lease term and specified consideration),http://fwp.mt.gov/export/sites/FwpPublic/gisResources/visitMaps/fas/39753474.pdf,1969-02-07T00:00:00.000Z,46.64355,-111.879766
1314,Mid Canon,Lease,https://myfwp.mt.gov/fishMT/fas/39753694,Ramp (Gravel),Yes,NO HUNTING,NO HUNTING,Land-In(Lease term and specified consideration),http://fwp.mt.gov/export/sites/FwpPublic/gisResources/visitMaps/fas/39753694.pdf,2007-03-30T00:00:00.000Z,47.125484,-111.885096
1315,Lower Smith River,Fee Title,https://myfwp.mt.gov/fishMT/fas/39753700,No Boat Facilities,No,HUNTING ALLOWED,Refer to current hunting regulations for hunting and weapons restrictions.,Fee Acquisitions,http://fwp.mt.gov/export/sites/FwpPublic/gisResources/visitMaps/fas/39753700.pdf,1988-11-22T00:00:00.000Z,47.392794,-111.448886
1316,Wing Dam,Fee Title,https://myfwp.mt.gov/fishMT/fas/39753738,No Boat Facilities,No,HUNTING ALLOWED,Refer to current hunting regulations for hunting and weapons restrictions.,Fee Acquisitions,http://fwp.mt.gov/export/sites/FwpPublic/gisResources/visitMaps/fas/39753738.pdf,1982-12-27T00:00:00.000Z,47.295254,-111.677658
1317,Rosebud East,Fee Title,https://myfwp.mt.gov/fishMT/fas/39754423,Ramp (Concrete),Yes,NO HUNTING,NO HUNTING,Fee Acquisitions,http://fwp.mt.gov/export/sites/FwpPublic/gisResources/visitMaps/fas/39754423.pdf,1968-04-25T00:00:00.000Z,46.273907,-106.677709
1318,Silver Springs Bridge,Lease,https://myfwp.mt.gov/fishMT/fas/39753496,No Boat Facilities,No,HUNTING ALLOWED,Refer to current hunting regulations for hunting and weapons restrictions.,Land-In(Lease term and specified consideration),http://fwp.mt.gov/export/sites/FwpPublic/gisResources/visitMaps/fas/39753496.pdf,2016-04-22T00:00:00.000Z,45.411831,-112.205853
1319,Alder Bridge,Lease,https://myfwp.mt.gov/fishMT/fas/39753490,No Boat Facilities,No,NO HUNTING,NO HUNTING,Land-In(Lease term and specified consideration),http://fwp.mt.gov/export/sites/FwpPublic/gisResources/visitMaps/fas/39753490.pdf,2016-04-22T00:00:00.000Z,45.319803,-112.117658
1320,Vigilante,Fee Title,https://myfwp.mt.gov/fishMT/fas/39753486,No Boat Facilities,No,NO HUNTING,NO HUNTING,Fee Acquisitions,http://fwp.mt.gov/export/sites/FwpPublic/gisResources/visitMaps/fas/39753486.pdf,1997-11-14T00:00:00.000Z,45.259935,-112.100566
1321,Ruby Dam,Lease,https://myfwp.mt.gov/fishMT/fas/39753484,No Boat Facilities,No,NO HUNTING,NO HUNTING,Land-In(Lease term and specified consideration),http://fwp.mt.gov/export/sites/FwpPublic/gisResources/visitMaps/fas/39753484.pdf,1997-08-15T00:00:00.000Z,45.241698,-112.109834
